haul_id;year;cell
017-1103-00063;2011;11151
017-1203-00041;2012;11151
017-1902-00082;2019;11151
017-2102-00042;2021;11124
017-1103-00062;2011;11124
017-1503-00112;2015;11151
017-1503-00113;2015;11151
017-1602-00070;2016;11151
017-2102-00041;2021;11124
017-1302-00061;2013;11124
017-1503-00111;2015;11151
017-1802-00048;2018;11124
017-1602-00071;2016;11151
017-1302-00060;2013;11124
017-2301-00036;2023;11124
017-1302-00063;2013;11151
017-1203-00040;2012;11124
017-2102-00043;2021;11151
017-1702-00055;2017;11151
017-1702-00053;2017;11124
017-1602-00069;2016;11124
017-1702-00054;2017;11151
017-1203-00042;2012;11151
017-1103-00061;2011;11124
017-2403-00016;2024;11151
017-1503-00114;2015;11124
017-1302-00062;2013;11151
017-1902-00083;2019;11151
017-1402-00085;2014;11151
017-1902-00074;2019;11151
017-1402-00077;2014;11124
004-308-00260;2014;11151
017-1203-00039;2012;11124
017-1402-00086;2014;11151
017-1402-00084;2014;11151
017-2301-00035;2023;11124
004-308-00261;2014;11151
017-1103-00073;2011;11151
017-1103-00068;2011;11151
017-1602-00075;2016;11151
017-1203-00043;2012;11151
017-1203-00047;2012;11151
017-2202-00026;2022;11151
017-1702-00063;2017;11151
017-1103-00064;2011;11151
017-1602-00076;2016;11151
017-1602-00072;2016;11151
017-1902-00075;2019;11151
017-1503-00110;2015;11151
017-2301-00038;2023;11151
017-1802-00053;2018;11151
017-2301-00045;2023;11151
017-2102-00040;2021;11124
017-1902-00080;2019;11151
017-1402-00083;2014;11151
017-2403-00017;2024;11151
017-1802-00052;2018;11151
017-1402-00078;2014;11151
017-1103-00072;2011;11151
017-1503-00054;2015;11151
017-1302-00067;2013;11151
017-1702-00056;2017;11151
017-1203-00048;2012;11151
017-1602-00074;2016;11151
017-2202-00033;2022;11151
004-308-00265;2014;11151
017-1402-00076;2014;11124
017-1702-00052;2017;11124
017-1203-00049;2012;11151
017-1802-00049;2018;11151
017-2403-00015;2024;11124
017-1103-00071;2011;11151
017-1902-00084;2019;11151
017-2403-00018;2024;11151
017-1402-00081;2014;11151
017-1902-00086;2019;11124
017-1702-00061;2017;11151
017-1302-00068;2013;11151
017-1203-00045;2012;11151
017-2301-00034;2023;11124
017-1203-00038;2012;11124
017-1103-00070;2011;11151
017-1602-00068;2016;11124
017-2301-00037;2023;11151
017-1802-00054;2018;11151
017-1203-00046;2012;11151
017-1503-00053;2015;11151
004-308-00264;2014;11151
017-1103-00069;2011;11151
004-308-00262;2014;11151
017-2403-00019;2024;11151
017-1702-00057;2017;11151
017-2403-00022;2024;11151
017-1402-00079;2014;11151
017-1702-00062;2017;11151
017-1902-00079;2019;11151
017-2301-00039;2023;11151
017-1602-00073;2016;11151
017-2202-00032;2022;11151
017-1402-00082;2014;11151
017-1902-00085;2019;11124
017-2301-00044;2023;11151
017-1802-00047;2018;11151
017-1302-00066;2013;11151
017-2202-00027;2022;11151
017-2102-00039;2021;11124
017-1503-00049;2015;11151
017-2202-00024;2022;11124
017-1802-00061;2018;11151
017-2102-00038;2021;11124
017-1503-00052;2015;11151
017-2403-00021;2024;11151
017-1902-00073;2019;11151
017-1103-00067;2011;11151
017-1302-00065;2013;11151
017-2403-00020;2024;11151
017-1902-00076;2019;11151
017-1503-00115;2015;11124
017-1702-00058;2017;11151
017-1203-00037;2012;11124
017-2403-00014;2024;11124
017-1802-00051;2018;11151
017-2202-00025;2022;11151
017-1302-00059;2013;11124
004-299-00282;2012;11151
017-1802-00062;2018;11151
017-1402-00088;2014;11151
017-1103-00060;2011;11124
017-1602-00066;2016;11124
017-1702-00060;2017;11151
017-1203-00044;2012;11151
017-2102-00037;2021;11151
017-1802-00046;2018;11124
017-2402-00035;2024;11151
017-1302-00069;2013;11151
017-2102-00048;2021;11151
017-1802-00050;2018;11151
017-1503-00117;2015;11124
017-2403-00023;2024;11151
017-2202-00031;2022;11151
017-1103-00066;2011;11151
017-2102-00052;2021;11151
017-1203-00053;2012;11151
017-1503-00056;2015;11151
017-1103-00059;2011;11124
017-1203-00051;2012;11151
017-2202-00036;2022;11151
017-1702-00051;2017;11124
017-2202-00034;2022;11151
017-1302-00073;2013;11151
017-1902-00072;2019;11151
017-1602-00078;2016;11151
004-308-00263;2014;11151
017-1702-00059;2017;11151
017-1902-00087;2019;11124
017-2301-00040;2023;11151
017-1302-00074;2013;11151
017-1203-00050;2012;11151
017-2301-00033;2023;11151
017-1902-00070;2019;11151
017-1902-00077;2019;11151
017-1902-00078;2019;11151
017-1602-00067;2016;11124
017-2403-00024;2024;11151
017-1802-00060;2018;11151
017-1002-00106;2010;11151
017-1902-00069;2019;11151
017-2301-00047;2023;11151
017-1103-00075;2011;11151
017-1503-00051;2015;11151
017-1002-00069;2010;11151
017-1302-00099;2013;11151
017-1203-00052;2012;11151
017-1503-00108;2015;11151
017-1002-00108;2010;11124
017-1203-00055;2012;11151
017-1002-00107;2010;11124
017-1402-00074;2014;11124
017-1503-00120;2015;11151
017-1503-00119;2015;11124
017-1302-00100;2013;11151
017-1103-00074;2011;11151
017-1402-00144;2014;11179
017-1103-00065;2011;11151
017-1503-00057;2015;11151
017-2403-00013;2024;11124
017-1503-00116;2015;11124
017-1802-00055;2018;11151
017-1203-00054;2012;11151
017-1302-00070;2013;11151
017-1002-00105;2010;11124
017-1402-00146;2014;11151
017-1002-00070;2010;11151
017-1302-00058;2013;11124
017-1902-00090;2019;11124
017-1702-00065;2017;11151
017-1602-00079;2016;11151
017-1702-00064;2017;11151
017-1702-00048;2017;11124
017-1302-00072;2013;11151
017-2402-00024;2024;11151
017-1802-00040;2018;11124
017-2102-00049;2021;11151
017-1702-00049;2017;11124
017-2301-00043;2023;11151
017-2202-00028;2022;11151
017-1702-00068;2017;11151
017-1802-00059;2018;11151
017-1002-00067;2010;11151
017-2102-00036;2021;11151
017-1702-00069;2017;11151
017-2402-00023;2024;11151
017-1302-00071;2013;11151
017-1103-00080;2011;11151
017-2301-00032;2023;11097
017-1002-00071;2010;11151
017-2202-00035;2022;11151
017-2202-00030;2022;11151
017-1702-00050;2017;11124
017-2301-00041;2023;11151
017-1802-00056;2018;11151
017-1203-00056;2012;11151
017-1103-00077;2011;11151
017-1002-00064;2010;11151
017-1902-00091;2019;11097
017-2202-00023;2022;11124
017-1503-00058;2015;11151
017-1103-00058;2011;11097
017-1503-00059;2015;11151
017-1203-00036;2012;11124
017-1503-00048;2015;11151
017-1402-00073;2014;11097
017-2102-00050;2021;11151
017-1002-00066;2010;11151
017-2402-00025;2024;11151
017-1902-00063;2019;11151
017-2402-00034;2024;11151
017-2102-00051;2021;11151
017-1702-00067;2017;11151
017-1103-00057;2011;11097
017-1802-00058;2018;11151
017-2402-00029;2024;11151
017-2301-00042;2023;11151
017-2202-00037;2022;11151
017-1002-00072;2010;11151
004-308-00259;2014;11151
017-1902-00088;2019;11124
017-1602-00081;2016;11151
017-1302-00075;2013;11097
017-1902-00062;2019;11151
017-1902-00066;2019;11151
017-1702-00047;2017;11097
017-1602-00087;2016;11151
017-2202-00022;2022;11124
017-1302-00101;2013;11151
017-2102-00053;2021;11151
017-1203-00057;2012;11151
017-1203-00035;2012;11097
017-2403-00012;2024;11097
017-1002-00109;2010;11097
017-2402-00022;2024;11097
017-1203-00034;2012;11097
017-1702-00066;2017;11151
017-1802-00057;2018;11151
017-1902-00064;2019;11151
017-1002-00073;2010;11151
017-1002-00074;2010;11151
017-1802-00045;2018;11097
017-2403-00025;2024;11097
017-2402-00026;2024;11151
017-1302-00076;2013;11097
017-2202-00029;2022;11151
017-1302-00057;2013;11097
017-1402-00147;2014;11125
017-1902-00094;2019;11097
017-1302-00056;2013;11097
017-1702-00046;2017;11097
017-1902-00065;2019;11151
017-2402-00031;2024;11151
017-2202-00021;2022;11097
017-1002-00104;2010;11097
017-1402-00089;2014;11097
017-2301-00050;2023;11125
017-1103-00081;2011;11151
017-2403-00011;2024;11097
017-1702-00045;2017;11097
017-1602-00082;2016;11151
017-2102-00035;2021;11097
017-1602-00080;2016;11151
017-1203-00058;2012;11151
017-1602-00086;2016;11151
017-2301-00031;2023;11097
017-1902-00068;2019;11125
017-1203-00060;2012;11151
017-2102-00034;2021;11151
017-1902-00092;2019;11097
017-1203-00064;2012;11125
017-1002-00110;2010;11097
017-1402-00072;2014;11097
017-1103-00078;2011;11125
017-1302-00102;2013;11151
017-1203-00059;2012;11151
017-1203-00061;2012;11151
017-1902-00067;2019;11151
017-2102-00030;2021;11097
017-1802-00039;2018;11097
017-1103-00079;2011;11151
017-1503-00047;2015;11151
017-1002-00076;2010;11151
017-2402-00027;2024;11151
017-1002-00065;2010;11151
017-2403-00026;2024;11097
017-2403-00010;2024;11097
004-299-00283;2012;11097
017-1503-00121;2015;11097
017-1802-00041;2018;11097
017-1402-00091;2014;11097
017-1602-00088;2016;11097
017-1203-00062;2012;11125
017-1402-00069;2014;11097
017-2202-00019;2022;11097
017-1602-00065;2016;11097
017-1902-00093;2019;11097
017-1503-00107;2015;11097
017-1203-00063;2012;11125
017-2202-00038;2022;11151
017-1802-00042;2018;11097
017-1802-00063;2018;11125
017-2202-00039;2022;11125
017-1002-00062;2010;11125
017-1402-00071;2014;11097
017-1402-00143;2014;11125
017-1702-00070;2017;11097
017-1602-00083;2016;11151
017-1002-00063;2010;11125
017-2301-00030;2023;11097
017-1203-00033;2012;11097
004-299-00281;2012;11097
017-2402-00033;2024;11125
017-1902-00089;2019;11097
017-1002-00111;2010;11097
017-2202-00020;2022;11097
017-2402-00032;2024;11125
017-2102-00029;2021;11097
017-2301-00025;2023;11097
017-1203-00065;2012;11125
004-308-00258;2014;11097
017-2301-00026;2023;11097
017-2102-00032;2021;11097
017-2301-00051;2023;11125
017-1902-00095;2019;11097
017-1103-00082;2011;11151
017-1602-00085;2016;11097
017-1103-00056;2011;11097
017-2403-00027;2024;11097
017-1203-00066;2012;11125
017-1302-00077;2013;11097
017-1802-00065;2018;11097
017-1402-00067;2014;11097
017-1602-00089;2016;11097
017-1103-00055;2011;11097
017-1802-00038;2018;11097
017-2403-00009;2024;11097
017-1203-00068;2012;11125
017-1402-00142;2014;11125
017-1702-00044;2017;11097
017-2301-00029;2023;11097
017-1203-00067;2012;11125
017-1402-00066;2014;11097
017-1402-00065;2014;11097
017-2102-00031;2021;11097
017-1503-00122;2015;11097
017-2202-00018;2022;11097
017-1802-00043;2018;11097
017-2202-00017;2022;11097
017-1503-00124;2015;11097
017-2102-00056;2021;11125
017-2102-00055;2021;11125
017-1702-00041;2017;11097
017-1302-00103;2013;11125
017-1503-00044;2015;11125
017-1902-00059;2019;11125
017-1602-00090;2016;11097
017-1802-00044;2018;11097
017-1402-00141;2014;11125
017-1902-00096;2019;11097
004-299-00280;2012;11097
017-1203-00069;2012;11097
017-1002-00103;2010;11097
017-1302-00055;2013;11097
017-1302-00104;2013;11097
017-1902-00097;2019;11097
017-1702-00073;2017;11125
017-1402-00064;2014;11097
017-1702-00072;2017;11097
017-2301-00052;2023;11125
017-2102-00028;2021;11097
017-1503-00105;2015;11097
017-1702-00042;2017;11097
017-1402-00063;2014;11097
017-1103-00083;2011;11097
017-1402-00149;2014;11125
017-1503-00045;2015;11125
017-1503-00061;2015;11097
017-1002-00112;2010;11097
017-2301-00054;2023;11125
017-2402-00021;2024;11097
017-1002-00080;2010;11097
017-1203-00070;2012;11097
017-1402-00150;2014;11125
017-1702-00043;2017;11097
017-1602-00064;2016;11097
017-1902-00058;2019;11125
017-2202-00041;2022;11125
017-1002-00079;2010;11097
017-1503-00062;2015;11125
017-1002-00114;2010;11097
017-2301-00027;2023;11097
017-2202-00040;2022;11125
017-1002-00113;2010;11097
017-1702-00071;2017;11097
017-1702-00040;2017;11097
017-2403-00008;2024;11097
017-1503-00104;2015;11097
017-1302-00105;2013;11097
017-1602-00092;2016;11097
017-1402-00140;2014;11125
017-1302-00098;2013;11125
017-1402-00139;2014;11125
017-2301-00053;2023;11125
017-2301-00028;2023;11097
017-1802-00066;2018;11097
004-299-00285;2012;11125
017-1103-00087;2011;11125
017-1602-00062;2016;11097
017-1602-00093;2016;11097
017-1802-00069;2018;11097
017-2202-00016;2022;11097
017-2301-00055;2023;11125
017-1702-00074;2017;11125
017-1802-00067;2018;11097
017-1402-00151;2014;11097
017-1503-00066;2015;11097
017-1902-00056;2019;11097
017-2403-00028;2024;11097
017-1902-00099;2019;11097
017-1402-00062;2014;11097
017-1103-00054;2011;11097
017-2403-00007;2024;11097
004-299-00286;2012;11125
017-1503-00063;2015;11125
017-1902-00100;2019;11097
017-2102-00027;2021;11097
017-1602-00091;2016;11097
017-1203-00032;2012;11097
017-1503-00043;2015;11125
017-1402-00138;2014;11125
017-1103-00084;2011;11097
017-1802-00086;2018;11097
017-1602-00063;2016;11097
017-1503-00042;2015;11125
017-1402-00094;2014;11097
004-308-00256;2014;11125
017-1802-00068;2018;11097
017-1302-00078;2013;11097
017-1503-00103;2015;11097
017-2402-00014;2024;11125
017-1302-00054;2013;11097
017-1402-00137;2014;11125
017-1702-00075;2017;11125
017-1103-00053;2011;11097
017-1503-00125;2015;11097
017-1602-00094;2016;11097
017-1302-00053;2013;11097
017-1802-00037;2018;11097
017-2202-00042;2022;11125
017-2301-00021;2023;11097
017-1602-00061;2016;11097
017-1203-00031;2012;11097
017-1503-00126;2015;11097
017-2301-00022;2023;11097
017-1902-00057;2019;11125
017-1802-00070;2018;11097
017-1002-00102;2010;11097
004-308-00255;2014;11125
017-1503-00102;2015;11097
017-2102-00057;2021;11125
017-1103-00085;2011;11097
017-1503-00064;2015;11125
017-1203-00030;2012;11097
017-2301-00057;2023;11125
004-308-00254;2014;11097
017-1103-00088;2011;11125
017-1402-00136;2014;11125
017-1602-00060;2016;11097
017-1802-00087;2018;11097
017-1002-00115;2010;11097
004-299-00279;2012;11097
004-299-00287;2012;11125
017-2202-00015;2022;11097
017-1402-00152;2014;11097
017-1503-00127;2015;11097
017-1802-00036;2018;11097
017-2403-00006;2024;11097
017-1203-00073;2012;11125
017-2301-00056;2023;11125
017-1203-00071;2012;11097
017-1402-00061;2014;11097
017-1302-00097;2013;11125
017-1103-00052;2011;11097
017-1702-00038;2017;11097
017-1602-00059;2016;11097
017-1002-00061;2010;11125
017-2301-00058;2023;11125
017-2202-00043;2022;11125
017-2403-00029;2024;11097
017-1002-00116;2010;11097
017-2102-00025;2021;11097
017-1802-00085;2018;11125
017-1902-00103;2019;11097
017-2402-00013;2024;11125
017-2102-00023;2021;11097
017-1902-00039;2019;11097
017-1702-00037;2017;11097
017-2301-00060;2023;11125
017-2102-00026;2021;11097
017-1802-00088;2018;11097
017-2102-00058;2021;11097
017-1302-00052;2013;11097
017-1702-00039;2017;11097
017-2403-00005;2024;11097
004-299-00288;2012;11125
004-200-54037;1992;10957
017-1802-00034;2018;11097
017-1103-00050;2011;11097
017-1802-00084;2018;11125
004-276-00025;2007;2181
017-904-00093;2009;11125
004-254-00012;2003;2181
017-2102-00060;2021;11125
004-205-55109;1993;10957
004-145-41181;1984;10957
017-1402-00154;2014;11125
004-287-00044;2009;10957
017-1503-00068;2015;11097
017-1302-00096;2013;11125
004-210-00042;1994;10957
004-290-00074;2010;10957
017-1402-00097;2014;11097
017-2402-00020;2024;11097
004-340-00003;2021;2181
017-2301-00059;2023;11097
004-265-00030;2005;2181
017-1203-00072;2012;11125
017-1902-00038;2019;11097
004-254-00014;2003;2181
017-2301-00020;2023;11097
017-1103-00051;2011;11097
017-1602-00096;2016;11097
017-1602-00095;2016;11097
017-1103-00049;2011;11097
004-265-00020;2005;10957
017-1802-00035;2018;11097
004-250-00027;2002;2181
017-1902-00042;2019;11097
004-318-00006;2016;10957
017-1302-00107;2013;11097
004-282-00020;2008;10957
017-1302-00051;2013;11097
017-1203-00074;2012;11125
004-250-00029;2002;2181
004-340-00002;2021;10957
017-2102-00024;2021;11097
017-1002-00060;2010;11097
017-1503-00101;2015;11097
017-1503-00129;2015;11097
004-276-00026;2007;2181
004-259-00024;2004;10957
004-271-00027;2006;10957
017-1802-00033;2018;11097
017-1602-00099;2016;11097
004-145-41179;1984;10957
017-904-00092;2009;11125
004-276-00027;2007;2181
017-1902-00041;2019;11097
004-145-41180;1984;10957
017-1802-00089;2018;11097
004-135-39447;1983;2181
004-276-00028;2007;2181
004-254-00009;2003;10957
004-180-49903;1989;10957
017-1802-00071;2018;11097
004-127-37056;1982;10957
004-250-00026;2002;2181
017-1203-00025;2012;11097
017-2402-00012;2024;11125
017-2202-00047;2022;11097
017-1103-00089;2011;11125
004-135-39441;1983;2181
017-1302-00079;2013;11097
004-145-41182;1984;10957
017-1203-00029;2012;11097
004-265-00029;2005;2181
017-1902-00040;2019;11097
017-2301-00061;2023;11125
017-1802-00090;2018;11097
017-1503-00130;2015;11097
004-250-00022;2002;2181
004-135-39440;1983;2181
004-200-54038;1992;10957
017-1902-00022;2019;11097
004-174-48000;1988;10957
017-2202-00014;2022;11097
004-328-00004;2018;10957
017-1602-00058;2016;11097
004-246-00009;2001;2181
004-200-54036;1992;10957
004-318-00005;2016;10957
004-200-54035;1992;10957
017-904-00097;2009;11097
017-2403-00004;2024;11097
017-1402-00096;2014;11097
004-250-00025;2002;2181
004-250-00023;2002;2181
017-1302-00106;2013;11125
004-195-53099;1991;10957
017-1602-00098;2016;11097
004-246-00012;2001;2181
004-290-00075;2010;10957
004-340-00004;2021;2181
017-1902-00043;2019;11097
004-295-00007;2011;2181
004-135-39448;1983;2181
017-904-00091;2009;11097
004-276-00029;2007;2181
004-287-00043;2009;10957
017-1702-00086;2017;11125
017-1802-00032;2018;11097
017-1602-00057;2016;11097
004-250-00024;2002;2181
004-259-00019;2004;10957
004-135-39445;1983;2181
017-1302-00095;2013;11125
017-1503-00071;2015;11097
017-2403-00030;2024;11097
004-265-00028;2005;2181
017-2301-00019;2023;11097
004-259-00020;2004;10957
004-254-00015;2003;2181
017-2102-00059;2021;11125
004-254-00013;2003;2181
017-1203-00028;2012;11097
004-135-39446;1983;2181
017-904-00098;2009;11097
004-352-00009;2024;10957
017-1702-00036;2017;11097
004-308-00252;2014;11097
017-1402-00098;2014;11097
004-246-00007;2001;2181
004-340-00005;2021;2181
004-250-00030;2002;2181
017-1203-00027;2012;11097
004-290-00076;2010;10957
017-904-00094;2009;11097
004-246-00013;2001;2181
004-250-00020;2002;10957
004-217-04015;1995;10957
004-299-00278;2012;11097
004-180-49902;1989;10957
017-1002-00101;2010;11097
017-1302-00080;2013;11097
017-2301-00015;2023;11097
004-210-00040;1994;10957
017-1503-00040;2015;11125
017-1503-00100;2015;11097
004-246-00008;2001;2181
017-1802-00072;2018;11097
017-1602-00097;2016;11097
017-1702-00033;2017;11097
004-254-00008;2003;10957
004-174-48002;1988;10957
017-1702-00034;2017;11097
017-1503-00069;2015;11097
075-901-00004;2009;11097
004-295-00005;2011;2154
017-1203-00026;2012;11097
017-1503-00070;2015;11097
017-1402-00155;2014;11125
004-290-00077;2010;10957
004-135-39438;1983;2181
004-246-00010;2001;2181
017-2202-00048;2022;11097
017-2102-00015;2021;11097
017-2102-00016;2021;11097
017-1702-00035;2017;11097
017-904-00096;2009;11097
017-1602-00056;2016;11097
004-135-39437;1983;2181
004-276-00030;2007;2181
017-1002-00059;2010;11097
075-901-00003;2009;11097
017-1902-00024;2019;11097
017-1002-00100;2010;11097
017-904-00103;2009;11097
017-2301-00014;2023;11097
017-1503-00072;2015;11097
017-1402-00099;2014;11097
017-2402-00018;2024;11097
017-1702-00032;2017;11097
017-1602-00100;2016;11097
017-2102-00061;2021;11125
017-1503-00131;2015;11097
075-901-00002;2009;11097
017-1902-00021;2019;11097
017-1203-00024;2012;11097
017-1802-00083;2018;11125
017-1103-00048;2011;11097
017-1702-00085;2017;11125
004-246-00011;2001;2154
004-265-00021;2005;2154
017-904-00102;2009;11097
075-901-00005;2009;11097
004-308-00253;2014;11097
004-135-39436;1983;2181
017-1902-00036;2019;11125
017-1902-00023;2019;11097
017-2402-00016;2024;11097
017-2301-00062;2023;11125
017-2102-00020;2021;11097
004-265-00031;2005;2181
004-135-39439;1983;2181
017-2403-00031;2024;11097
017-1203-00075;2012;11125
017-2402-00019;2024;11097
004-265-00032;2005;2181
004-276-00031;2007;2181
017-2102-00017;2021;11097
017-2301-00017;2023;11097
017-2202-00046;2022;11097
004-135-39435;1983;2181
075-901-00001;2009;11097
017-2301-00013;2023;11097
017-1002-00099;2010;11097
004-265-00040;2005;2181
004-265-00045;2005;2154
004-250-00019;2002;2154
017-2301-00018;2023;11097
017-1203-00078;2012;11097
004-265-00044;2005;2154
017-1302-00050;2013;11097
017-1302-00049;2013;11097
017-1002-00081;2010;11097
017-1602-00101;2016;11097
017-1402-00100;2014;11097
004-250-00031;2002;2181
017-2202-00013;2022;11097
004-340-00006;2021;2181
004-250-00018;2002;2154
017-904-00501;2009;11097
017-1002-00082;2010;11097
004-265-00043;2005;2154
017-1302-00094;2013;11125
017-1302-00108;2013;11097
017-1103-00047;2011;11097
017-904-00099;2009;11097
017-1503-00073;2015;11097
004-265-00042;2005;2154
017-1503-00132;2015;11097
017-1302-00093;2013;11125
017-1302-00081;2013;11097
017-1402-00058;2014;11097
017-1302-00048;2013;11097
017-2402-00011;2024;11125
017-904-00100;2009;11097
017-2202-00049;2022;11097
017-1503-00039;2015;11125
004-265-00022;2005;2154
017-1702-00083;2017;11070
017-904-00502;2009;11097
004-265-00039;2005;2181
004-135-39434;1983;2154
017-2202-00045;2022;11070
017-2403-00032;2024;11097
004-276-00032;2007;2154
017-1103-00090;2011;11070
004-276-00033;2007;2154
017-1203-00023;2012;11097
017-1802-00030;2018;11097
004-276-00035;2007;2154
017-904-00104;2009;11097
017-1402-00101;2014;11097
004-276-00034;2007;2154
004-246-00014;2001;2181
017-1503-00133;2015;11097
004-265-00023;2005;2154
017-2403-00003;2024;11097
017-1002-00083;2010;11097
017-1702-00084;2017;11070
017-2102-00019;2021;11097
017-1802-00031;2018;11097
004-250-00032;2002;2181
017-1702-00031;2017;11097
017-1302-00082;2013;11097
017-1402-00133;2014;11125
004-276-00040;2007;2181
017-904-00101;2009;11097
004-254-00007;2003;2154
017-1302-00092;2013;11070
017-904-00084;2009;11070
004-340-00007;2021;2154
017-1402-00134;2014;11125
004-295-00008;2011;2181
017-904-00503;2009;11097
017-1702-00030;2017;11097
004-254-00006;2003;2154
017-1602-00107;2016;11070
017-1503-00134;2015;11097
017-2102-00018;2021;11097
017-1802-00080;2018;11070
017-1602-00106;2016;11070
017-1503-00036;2015;11070
017-1203-00077;2012;11070
017-1902-00055;2019;11097
017-1103-00092;2011;11097
004-265-00041;2005;2181
017-1602-00102;2016;11070
017-2301-00010;2023;11097
017-2202-00044;2022;11070
017-1602-00055;2016;11097
004-265-00024;2005;2154
017-904-00095;2009;11097
017-2403-00002;2024;11097
004-295-00010;2011;2154
004-340-00009;2021;2181
017-1602-00103;2016;11070
017-1503-00037;2015;11070
017-1602-00105;2016;11070
004-246-00006;2001;2154
017-1002-00117;2010;11097
017-2301-00064;2023;11070
017-1402-00102;2014;11097
017-1503-00074;2015;11070
017-1203-00022;2012;11097
017-2403-00033;2024;11097
075-901-00006;2009;11097
017-1103-00091;2011;11070
017-1402-00056;2014;11097
004-246-00015;2001;2154
075-901-00007;2009;11070
017-904-00085;2009;11070
017-1402-00057;2014;11097
017-1203-00076;2012;11070
017-1902-00019;2019;11097
017-1002-00057;2010;11070
017-2402-00010;2024;11070
004-265-00026;2005;2154
004-250-00034;2002;2154
004-254-00018;2003;2154
017-1503-00099;2015;11097
017-1203-00079;2012;11070
004-276-00042;2007;2154
017-904-00086;2009;11070
017-1103-00046;2011;11097
017-1203-00019;2012;11097
004-276-00041;2007;2181
004-276-00036;2007;2154
004-246-00017;2001;2154
004-246-00016;2001;2154
017-1002-00084;2010;11097
004-340-00008;2021;2154
017-1503-00035;2015;11070
017-2301-00011;2023;11097
017-2202-00052;2022;11070
017-2301-00063;2023;11070
017-2102-00014;2021;11097
017-2202-00050;2022;11097
017-1802-00029;2018;11097
004-299-00276;2012;11097
017-1902-00035;2019;11070
017-1103-00045;2011;11097
004-265-00027;2005;2154
004-254-00021;2003;2154
004-254-00020;2003;2154
004-265-00038;2005;2154
017-1002-00085;2010;11070
004-135-39430;1983;2154
004-254-00019;2003;2154
017-2102-00063;2021;11070
017-1002-00055;2010;11070
017-2102-00013;2021;11097
004-254-00030;2003;2154
017-1203-00021;2012;11097
017-1002-00087;2010;11097
017-1902-00020;2019;11097
017-1602-00108;2016;11070
017-2301-00009;2023;11097
017-1103-00044;2011;11097
017-1602-00109;2016;11097
004-254-00029;2003;2154
017-2202-00051;2022;11070
004-135-39428;1983;2154
017-1902-00046;2019;11097
017-1002-00056;2010;11070
004-265-00033;2005;2154
017-1203-00020;2012;11097
017-1602-00054;2016;11097
004-254-00022;2003;2154
004-265-00052;2005;2154
004-276-00043;2007;2154
004-254-00023;2003;2154
017-1802-00091;2018;11097
017-1103-00093;2011;11070
017-1802-00081;2018;11070
004-299-00275;2012;11097
017-1802-00082;2018;11070
017-904-00106;2009;11097
017-1602-00104;2016;11070
017-2202-00012;2022;11097
004-265-00034;2005;2154
017-1802-00028;2018;11097
004-295-00016;2011;2154
017-904-00082;2009;11070
017-1302-00047;2013;11097
017-904-00090;2009;11070
017-2301-00065;2023;11070
017-2102-00012;2021;11097
004-135-39429;1983;2154
004-254-00028;2003;2154
017-1302-00109;2013;11070
004-276-00038;2007;2154
017-1503-00137;2015;11043
004-250-00035;2002;2154
004-135-39427;1983;2154
017-1503-00034;2015;11070
004-246-00024;2001;2154
017-904-00083;2009;11070
017-1002-00088;2010;11097
004-295-00015;2011;2154
004-299-00274;2012;11097
004-352-00157;2024;11097
004-250-00040;2002;2154
004-340-00010;2021;2154
017-1902-00034;2019;11070
004-276-00037;2007;2154
004-254-00031;2003;2154
017-1302-00091;2013;11070
017-2202-00053;2022;11070
017-904-00171;2009;11070
075-901-00008;2009;11070
017-904-00081;2009;11070
075-901-00010;2009;11070
017-2301-00066;2023;11070
004-254-00024;2003;2154
017-2402-00005;2024;11070
004-295-00013;2011;2154
004-135-39426;1983;2154
017-1302-00046;2013;11043
004-265-00053;2005;2154
017-1203-00080;2012;11070
017-1802-00092;2018;11097
004-254-00032;2003;2154
017-1702-00082;2017;11070
017-1103-00097;2011;11070
017-904-00105;2009;11043
017-1103-00096;2011;11070
004-265-00051;2005;2154
004-276-00044;2007;2154
075-901-00009;2009;11070
017-1402-00157;2014;11070
017-1602-00110;2016;11070
017-2402-00004;2024;11070
017-1902-00047;2019;11070
017-2202-00056;2022;11070
017-1002-00053;2010;11070
004-295-00012;2011;2154
017-1802-00094;2018;11070
017-1103-00043;2011;11043
004-295-00014;2011;2154
017-1802-00093;2018;11097
017-1503-00136;2015;11043
017-904-00172;2009;11070
017-2402-00009;2024;11070
004-254-00027;2003;2154
017-1002-00052;2010;11070
004-246-00018;2001;2154
017-2301-00008;2023;11043
017-2102-00010;2021;11070
017-2301-00071;2023;11070
017-1602-00053;2016;11043
004-276-00052;2007;2154
017-1203-00018;2012;11043
017-2301-00072;2023;11070
004-340-00011;2021;2154
017-1002-00051;2010;11070
017-1203-00091;2012;11070
004-246-00019;2001;2154
017-1902-00033;2019;11070
004-352-00155;2024;11043
017-2102-00064;2021;11070
004-250-00036;2002;2154
004-295-00017;2011;2154
017-1802-00027;2018;11043
017-1103-00095;2011;11070
004-265-00035;2005;2154
017-1503-00098;2015;11070
004-250-00041;2002;2154
017-1002-00089;2010;11043
017-1402-00054;2014;11043
017-1002-00096;2010;11070
004-246-00023;2001;2154
004-254-00026;2003;2154
017-1402-00132;2014;11070
017-1203-00090;2012;11070
004-254-00025;2003;2154
017-1802-00079;2018;11070
017-1702-00029;2017;11043
017-2301-00068;2023;11070
017-1302-00083;2013;11097
004-276-00051;2007;2154
017-2102-00011;2021;11070
017-2202-00055;2022;11070
017-1302-00110;2013;11070
017-1103-00042;2011;11097
017-1002-00050;2010;11070
017-1702-00080;2017;11070
075-1002-00009;2010;11070
004-250-00044;2002;2154
075-1002-00010;2010;11070
017-1802-00095;2018;11070
017-1402-00131;2014;11070
004-295-00018;2011;2154
017-1702-00081;2017;11070
004-308-00251;2014;11043
075-1002-00006;2010;11043
075-1002-00011;2010;11043
017-2301-00067;2023;11070
017-1902-00048;2019;11070
017-1902-00032;2019;11070
017-1802-00026;2018;11043
017-1503-00076;2015;11070
004-352-00156;2024;11043
017-1602-00052;2016;11043
017-1203-00092;2012;11043
017-1002-00090;2010;11043
017-2301-00007;2023;11043
017-2102-00004;2021;11043
017-1902-00018;2019;11070
017-1402-00130;2014;11070
017-1602-00111;2016;11043
004-265-00036;2005;2154
004-265-00037;2005;2154
017-1103-00094;2011;11070
004-250-00042;2002;2154
004-250-00037;2002;2154
004-250-00043;2002;2154
017-1302-00045;2013;11043
017-1902-00054;2019;11070
004-352-00154;2024;11043
017-2202-00054;2022;11070
075-1002-00007;2010;11043
004-250-00039;2002;2154
004-246-00025;2001;2154
017-1002-00049;2010;11070
017-1602-00051;2016;11043
017-1103-00041;2011;11070
017-1702-00028;2017;11043
017-1002-00091;2010;11043
017-1802-00025;2018;11043
017-1402-00129;2014;11070
004-265-00050;2005;2154
004-246-00022;2001;2154
017-2202-00011;2022;11043
017-1302-00090;2013;11070
017-1402-00128;2014;11070
017-2401-00082;2024;11070
017-1302-00111;2013;11070
004-254-00040;2003;2154
017-904-00080;2009;11070
017-2202-00058;2022;11070
017-2301-00006;2023;11043
017-2102-00008;2021;11070
075-1002-00008;2010;11043
017-1602-00114;2016;11070
017-1203-00081;2012;11070
017-1402-00104;2014;11070
017-2402-00008;2024;11070
017-1503-00033;2015;11070
017-1802-00078;2018;11070
004-246-00026;2001;2154
004-276-00061;2007;2154
017-2402-00007;2024;11070
017-2402-00006;2024;11070
017-2202-00010;2022;11043
017-1103-00040;2011;11070
004-254-00039;2003;2154
017-1302-00084;2013;11070
017-1902-00031;2019;11070
004-352-00153;2024;11043
004-265-00054;2005;2154
004-250-00046;2002;2154
004-250-00045;2002;2154
017-1602-00112;2016;11043
017-1203-00102;2012;11043
004-254-00034;2003;2154
004-276-00060;2007;2154
017-904-00089;2009;11070
017-2102-00005;2021;11043
017-1002-00092;2010;11043
004-254-00033;2003;2154
004-299-00273;2012;11070
017-2202-00057;2022;11070
017-1702-00027;2017;11043
004-265-00049;2005;2154
004-276-00050;2007;2154
017-2301-00005;2023;11043
004-295-00020;2011;2154
017-1302-00112;2013;11070
004-340-00016;2021;2154
004-250-00038;2002;2154
017-2301-00069;2023;11070
017-1402-00105;2014;11070
017-2102-00009;2021;11070
017-1503-00032;2015;11070
017-2402-00003;2024;11070
017-904-00107;2009;11043
017-1602-00113;2016;11043
017-1503-00077;2015;11070
017-1702-00079;2017;11070
004-352-00152;2024;11043
004-250-00052;2002;2154
017-1302-00085;2013;11043
017-1103-00098;2011;11070
004-254-00036;2003;2154
017-1802-00077;2018;11070
004-276-00055;2007;2154
004-246-00021;2001;2154
004-246-00027;2001;2154
017-1203-00093;2012;11043
017-2301-00070;2023;11070
004-254-00048;2003;2154
004-276-00045;2007;2154
075-1002-00014;2010;11070
004-246-00020;2001;2154
017-2202-00009;2022;11070
004-254-00038;2003;2154
004-254-00037;2003;2154
004-295-00021;2011;2154
017-2301-00004;2023;11043
017-1503-00140;2015;11043
004-276-00059;2007;2154
017-1602-00115;2016;11070
004-246-00034;2001;2154
004-265-00047;2005;2154
017-1203-00089;2012;11070
017-803-00029;2008;11043
017-1902-00017;2019;11043
017-2401-00083;2024;11070
004-265-00055;2005;2154
017-1402-00158;2014;11070
017-1702-00025;2017;11043
017-1702-00078;2017;11070
017-1602-00041;2016;11043
075-1002-00013;2010;11070
017-1103-00100;2011;11070
017-803-00030;2008;11043
017-1503-00139;2015;11043
017-1902-00016;2019;11043
017-1203-00094;2012;11043
004-265-00048;2005;2154
017-1203-00088;2012;11070
017-1802-00024;2018;11043
017-2102-00006;2021;11043
017-2301-00073;2023;11070
017-1702-00026;2017;11043
017-1503-00141;2015;11043
017-803-00028;2008;11043
004-254-00041;2003;2154
004-250-00051;2002;2154
004-250-00050;2002;2154
017-1302-00044;2013;11043
004-276-00053;2007;2154
075-1002-00012;2010;11070
004-254-00042;2003;2154
017-1402-00052;2014;11043
017-904-00078;2009;11070
017-1203-00101;2012;11043
017-803-00027;2008;11043
017-1302-00039;2013;11043
017-2102-00001;2021;11043
004-276-00049;2007;2154
017-1802-00096;2018;11070
017-1503-00079;2015;11070
017-1802-00022;2018;11043
004-250-00053;2002;2154
017-803-00026;2008;11043
017-1302-00043;2013;11043
017-1402-00050;2014;11043
017-1103-00099;2011;11070
004-340-00014;2021;2154
017-1002-00046;2010;11070
017-2401-00081;2024;11043
017-1203-00095;2012;11043
004-340-00018;2021;2154
017-2102-00065;2021;11070
004-340-00015;2021;2154
017-1002-00093;2010;11043
017-1302-00088;2013;11070
017-1902-00049;2019;11070
017-2202-00059;2022;11070
017-1602-00050;2016;11043
017-2102-00003;2021;11043
017-1702-00077;2017;11070
017-1802-00021;2018;11043
017-2102-00007;2021;11070
004-295-00022;2011;2154
004-246-00035;2001;2154
017-1902-00015;2019;11043
004-250-00056;2002;2154
017-1402-00107;2014;11043
017-1002-00047;2010;11070
017-2202-00060;2022;11070
004-276-00058;2007;2154
017-1902-00028;2019;11070
017-2402-00002;2024;11070
004-352-00151;2024;11043
017-1602-00049;2016;11043
004-265-00056;2005;2154
017-1302-00042;2013;11043
004-276-00047;2007;2154
004-276-00057;2007;2154
017-1203-00097;2012;11043
017-1203-00100;2012;11043
004-246-00030;2001;2154
017-1402-00048;2014;11043
004-299-00271;2012;11043
004-250-00049;2002;2154
017-1002-00048;2010;11070
017-1002-00094;2010;11043
017-1302-00087;2013;11070
017-1503-00142;2015;11043
017-1802-00020;2018;11043
017-904-00077;2009;11070
017-1702-00024;2017;11043
017-1402-00051;2014;11043
004-340-00017;2021;2154
017-1602-00116;2016;11070
017-2102-00002;2021;11043
017-1302-00040;2013;11043
017-1203-00096;2012;11043
017-2301-00078;2023;11043
004-246-00036;2001;2154
017-1103-00101;2011;11070
017-1402-00126;2014;11070
017-1902-00014;2019;11043
004-340-00019;2021;2154
004-295-00023;2011;2154
004-246-00028;2001;2154
004-250-00054;2002;2154
004-276-00046;2007;2154
017-2102-00066;2021;11070
004-352-00150;2024;11043
004-246-00029;2001;2154
004-254-00047;2003;2154
017-904-00076;2009;11070
017-1503-00143;2015;11043
017-2301-00003;2023;11043
017-1902-00027;2019;11070
004-254-00043;2003;2154
004-246-00031;2001;2154
017-1203-00084;2012;11070
004-265-00057;2005;2154
017-2202-00061;2022;11070
004-299-00268;2012;11070
017-1702-00023;2017;11043
017-1402-00049;2014;11043
017-1802-00076;2018;11070
004-276-00062;2007;2154
017-2301-00074;2023;11070
004-250-00057;2002;2154
017-2202-00004;2022;11043
004-254-00044;2003;2154
004-254-00045;2003;2154
004-265-00061;2005;2154
004-254-00046;2003;2154
017-1802-00023;2018;11043
017-1402-00125;2014;11070
004-250-00055;2002;2154
017-2202-00002;2022;11043
017-1802-00075;2018;11070
017-1103-00113;2011;11043
004-265-00060;2005;2154
017-2202-00003;2022;11043
017-1702-00076;2017;11070
017-1302-00038;2013;11043
004-265-00059;2005;2154
004-295-00024;2011;2154
017-2202-00008;2022;11043
004-265-00062;2005;2154
017-2301-00075;2023;11070
017-1203-00085;2012;11070
017-1902-00013;2019;11043
017-1802-00074;2018;11070
017-1203-00103;2012;11043
017-1302-00041;2013;11043
004-250-00063;2002;2154
017-2202-00005;2022;11043
017-2301-00081;2023;11043
004-250-00065;2002;2154
017-1103-00102;2011;11070
004-295-00025;2011;2154
004-340-00012;2021;2154
004-250-00064;2002;2154
017-2202-00062;2022;11070
017-2202-00007;2022;11043
017-1902-00050;2019;11043
004-352-00148;2024;11043
017-803-00025;2008;11043
017-1203-00083;2012;11070
017-2301-00002;2023;11043
004-254-00049;2003;2154
004-276-00072;2007;2154
017-2301-00079;2023;11043
017-1802-00073;2018;11070
017-1802-00019;2018;11043
017-1902-00051;2019;11043
017-1103-00111;2011;11043
017-1203-00086;2012;11070
004-276-00068;2007;2154
004-276-00073;2007;2154
004-246-00037;2001;2154
017-1902-00011;2019;11043
017-1402-00108;2014;11043
017-1203-00087;2012;11070
017-904-00070;2009;11070
004-276-00067;2007;2154
017-1702-00092;2017;11070
004-265-00073;2005;2154
017-2202-00001;2022;11043
004-352-00145;2024;11043
017-1602-00048;2016;11043
017-2301-00076;2023;11070
017-2401-00080;2024;11070
017-1602-00117;2016;11043
004-246-00032;2001;2154
017-2301-00080;2023;11043
017-1302-00086;2013;11070
017-1103-00103;2011;11070
017-2301-00077;2023;11070
017-2301-00082;2023;11043
017-1503-00147;2015;11043
004-246-00042;2001;2154
017-1503-00096;2015;11043
017-1802-00018;2018;11043
004-295-00026;2011;2154
004-265-00072;2005;2154
075-901-00013;2009;11070
004-246-00043;2001;2154
017-904-00069;2009;11070
004-352-00144;2024;11043
017-2402-00001;2024;11070
017-1602-00046;2016;11070
004-265-00064;2005;2154
004-276-00066;2007;2154
017-2102-00068;2021;11070
017-1103-00039;2011;11070
004-276-00063;2007;2154
017-1902-00012;2019;11043
004-276-00071;2007;2154
004-295-00027;2011;2154
017-1702-00021;2017;11043
017-1002-00095;2010;11043
017-1302-00113;2013;11043
004-265-00058;2005;2154
017-1602-00047;2016;11043
004-276-00070;2007;2154
004-254-00050;2003;2154
017-1103-00112;2011;11043
017-1902-00026;2019;11070
017-1602-00044;2016;11070
017-1402-00047;2014;11043
004-276-00081;2007;2154
004-265-00063;2005;2154
017-2202-00006;2022;11043
017-1702-00094;2017;11043
017-1002-00045;2010;11070
017-1702-00022;2017;11043
004-340-00013;2021;2154
075-1002-00005;2010;11043
017-2401-00079;2024;11070
004-250-00058;2002;2154
004-250-00062;2002;2154
004-340-00022;2021;2154
004-250-00061;2002;2154
017-2102-00067;2021;11070
017-1503-00148;2015;11043
017-1402-00046;2014;11043
017-1503-00149;2015;11043
017-1702-00091;2017;11070
004-352-00146;2024;11043
017-2301-00083;2023;11043
017-1402-00159;2014;11070
004-299-00267;2012;11070
017-1503-00144;2015;11043
017-2301-00001;2023;11043
004-265-00071;2005;2154
017-2301-00084;2023;11043
017-1302-00114;2013;11043
004-246-00033;2001;2154
017-1602-00043;2016;11070
004-276-00082;2007;2154
017-1503-00095;2015;11043
004-265-00065;2005;2154
017-1203-00098;2012;11043
004-352-00143;2024;11043
017-1902-00052;2019;11043
017-1702-00020;2017;11043
017-1203-00104;2012;11043
017-1203-00105;2012;11043
017-1602-00118;2016;11043
017-1103-00038;2011;11043
004-246-00045;2001;2154
004-254-00051;2003;2154
004-254-00052;2003;2154
004-276-00078;2007;2154
004-276-00064;2007;2154
017-1302-00036;2013;11043
017-1602-00045;2016;11070
017-1902-00053;2019;11043
017-2302-00001;2023;11043
017-1802-00017;2018;11043
017-1802-00097;2018;11043
017-1103-00110;2011;11043
004-265-00075;2005;2154
017-1503-00145;2015;11043
004-246-00041;2001;2154
004-276-00079;2007;2154
017-1602-00042;2016;11070
017-904-00074;2009;11043
017-904-00067;2009;11070
004-265-00076;2005;2154
017-1402-00109;2014;11043
017-1103-00037;2011;11043
017-1402-00124;2014;11070
017-1702-00090;2017;11070
017-1002-00044;2010;11070
017-2301-00085;2023;11043
017-1702-00095;2017;11043
017-2102-00069;2021;11070
017-2301-00094;2023;11070
004-246-00038;2001;2154
075-901-00014;2009;11070
017-1702-00093;2017;11043
017-1702-00087;2017;11070
017-2401-00077;2024;11043
004-265-00070;2005;2154
004-276-00080;2007;2154
017-1402-00110;2014;11043
017-1302-00035;2013;11043
004-254-00053;2003;2154
017-1402-00112;2014;11043
017-1702-00019;2017;11043
017-1602-00039;2016;11043
004-265-00069;2005;2154
017-2301-00087;2023;11043
017-1602-00040;2016;11043
017-1302-00037;2013;11043
004-250-00072;2002;2154
004-254-00054;2003;2154
017-1103-00114;2011;11043
017-1702-00089;2017;11070
017-1802-00098;2018;11043
004-340-00020;2021;2154
004-276-00084;2007;2154
017-1503-00081;2015;11043
004-254-00058;2003;2154
017-904-00062;2009;11043
017-803-00024;2008;11043
004-295-00034;2011;2154
004-250-00073;2002;2154
017-1702-00096;2017;11043
075-901-00015;2009;11070
004-250-00067;2002;2154
004-246-00057;2001;2154
075-901-00016;2009;11070
017-904-00068;2009;11070
017-1503-00028;2015;11070
017-2202-00063;2022;11043
017-1802-00016;2018;11043
017-1302-00115;2013;11043
017-1103-00036;2011;11043
004-265-00067;2005;2154
075-1002-00004;2010;11043
004-250-00075;2002;2154
004-250-00071;2002;2154
004-295-00036;2011;2154
004-276-00083;2007;2154
017-1103-00109;2011;11070
017-2301-00093;2023;11070
004-250-00069;2002;2154
004-250-00074;2002;2154
017-2401-00078;2024;11043
004-250-00068;2002;2154
004-250-00070;2002;2154
017-2401-00076;2024;11043
017-904-00108;2009;11043
017-1002-00038;2010;11043
017-2102-00070;2021;11070
004-250-00059;2002;2154
017-1402-00117;2014;11070
017-1902-00010;2019;11043
017-2303-00050;2023;2100
017-1302-00117;2013;11070
004-340-00023;2021;2154
004-265-00068;2005;2154
017-1203-00099;2012;11043
017-2302-00002;2023;11043
004-254-00055;2003;2154
004-295-00033;2011;2154
017-1103-00035;2011;11043
004-230-00041;1998;2100
017-1503-00082;2015;11043
017-1203-00082;2012;11070
004-254-00057;2003;2100
004-246-00039;2001;2100
017-1002-00035;2010;11043
004-265-00082;2005;2128
004-254-00059;2003;2154
017-2401-00067;2024;11043
017-1402-00044;2014;11043
017-1602-00122;2016;11043
017-1602-00037;2016;11043
017-1002-00037;2010;11043
017-1002-00034;2010;11043
004-250-00093;2002;2128
017-1602-00119;2016;11043
004-135-39407;1983;2128
004-276-00157;2007;2128
004-145-41153;1984;2100
017-1103-00115;2011;11043
017-1902-00106;2019;11043
017-2202-00064;2022;11070
004-276-00074;2007;2100
004-271-00071;2006;2100
017-1802-00099;2018;11043
017-904-00075;2009;11043
004-174-47912;1988;2100
004-195-53143;1991;2100
075-1002-00002;2010;11070
017-2303-00051;2023;2100
004-200-54082;1992;2100
017-1702-00088;2017;11070
004-254-00061;2003;2154
017-1203-00106;2012;11043
004-240-00078;2000;2100
017-904-00071;2009;11070
017-1602-00121;2016;11043
004-174-47914;1988;2100
004-340-00034;2021;2128
004-295-00037;2011;2128
017-1503-00083;2015;11043
017-1402-00116;2014;11070
017-1702-00097;2017;11043
004-271-00072;2006;2100
017-1402-00113;2014;11043
017-1402-00118;2014;11070
017-1302-00118;2013;11016
017-1402-00115;2014;11043
017-1702-00098;2017;11043
004-276-00153;2007;2128
004-145-41152;1984;2100
004-254-00084;2003;2128
017-2401-00072;2024;11043
004-180-49948;1989;2100
017-2401-00068;2024;11043
004-308-00036;2014;2100
017-1702-00018;2017;11043
017-1602-00036;2016;11043
017-2401-00071;2024;11043
017-1402-00043;2014;11043
004-276-00160;2007;2128
017-2202-00068;2022;11043
017-1802-00015;2018;11043
004-135-39409;1983;2128
004-276-00155;2007;2128
004-271-00075;2006;2100
017-2204-00037;2022;2100
017-2401-00073;2024;11070
017-1002-00036;2010;11043
017-1802-00101;2018;11043
017-1602-00120;2016;11043
004-235-00075;1999;2100
004-276-00156;2007;2128
017-1002-00042;2010;11043
017-2401-00075;2024;11043
017-2202-00065;2022;11043
004-250-00094;2002;2128
004-254-00056;2003;2100
004-295-00038;2011;2128
017-2401-00069;2024;11043
017-2102-00071;2021;11016
004-240-00071;2000;2100
004-340-00024;2021;2154
017-1503-00150;2015;11043
017-1103-00116;2011;11043
017-1602-00038;2016;11043
004-276-00159;2007;2128
004-276-00154;2007;2128
017-2102-00078;2021;11043
004-230-00042;1998;2100
017-1902-00008;2019;11043
017-1302-00032;2013;11043
004-145-41207;1984;2100
004-246-00056;2001;2154
017-1302-00034;2013;11043
004-250-00076;2002;2154
004-295-00039;2011;2128
017-1902-00105;2019;11043
017-1002-00043;2010;11043
017-1302-00116;2013;11043
017-1503-00084;2015;11043
017-1902-00107;2019;11016
017-904-00073;2009;11043
017-1002-00039;2010;11043
004-254-00060;2003;2154
017-1602-00123;2016;11043
004-276-00085;2007;2154
017-2401-00070;2024;11043
017-904-00109;2009;11043
017-1203-00110;2012;11043
004-295-00032;2011;2154
004-265-00081;2005;2154
004-189-51573;1990;2100
004-189-51574;1990;2100
004-226-00075;1997;2100
004-276-00096;2007;2128
017-1602-00035;2016;11043
004-160-44238;1986;2100
004-259-00066;2004;2100
017-1503-00085;2015;11043
017-1402-00042;2014;11043
017-2204-00038;2022;2100
004-200-54079;1992;2100
017-2102-00077;2021;11043
004-340-00033;2021;2128
017-1002-00041;2010;11043
004-240-00072;2000;2100
004-276-00086;2007;2154
004-250-00077;2002;2154
004-265-00086;2005;2128
017-2301-00088;2023;11043
004-230-00049;1998;2100
004-167-45688;1987;2100
004-295-00030;2011;2100
017-2302-00003;2023;11043
004-167-45663;1987;2100
017-1702-00099;2017;11043
004-295-00029;2011;2100
004-180-49949;1989;2100
017-1203-00111;2012;11016
004-174-47910;1988;2100
004-276-00095;2007;2128
017-2303-00055;2023;2100
017-1503-00089;2015;11043
017-1103-00106;2011;11016
017-1802-00102;2018;11043
017-904-00072;2009;11016
017-2102-00079;2021;11043
004-153-42910;1985;2100
017-2102-00072;2021;11043
004-295-00031;2011;2100
004-276-00098;2007;2128
017-1802-00100;2018;11016
017-1902-00009;2019;11043
004-304-00031;2013;2100
004-160-44236;1986;2100
017-1302-00033;2013;11043
017-1702-00017;2017;11043
004-145-41151;1984;2100
004-304-00030;2013;2100
017-2202-00066;2022;11043
004-254-00087;2003;2128
004-217-04067;1995;2100
004-265-00085;2005;2128
004-259-00068;2004;2100
017-1103-00034;2011;11043
004-230-00048;1998;2100
004-205-55147;1993;2100
017-2102-00080;2021;11043
017-2204-00001;2022;11043
004-332-00024;2019;2100
017-1602-00033;2016;11043
004-265-00077;2005;2100
004-276-00094;2007;2128
004-135-39410;1983;2128
004-250-00134;2002;2155
004-323-00032;2017;2100
017-1402-00041;2014;11043
004-250-00100;2002;2128
004-217-04071;1995;2100
004-200-54083;1992;2100
004-276-00075;2007;2100
004-295-00040;2011;2128
017-2303-00056;2023;2100
004-189-51575;1990;2100
017-1002-00040;2010;11043
017-1203-00109;2012;11043
004-210-00081;1994;2100
004-318-00032;2016;2100
004-313-00032;2015;2100
004-250-00133;2002;2155
004-313-00031;2015;2100
004-318-00033;2016;2100
017-1002-00033;2010;11043
017-803-00022;2008;11043
004-145-41150;1984;2100
004-221-00064;1996;2100
017-904-00066;2009;11043
017-904-00061;2009;11043
017-2302-00004;2023;11043
017-1602-00034;2016;11043
004-287-00087;2009;2100
004-250-00081;2002;2100
004-254-00133;2003;2155
004-318-00034;2016;2100
004-254-00071;2003;2128
004-295-00050;2011;2128
017-1402-00114;2014;11043
004-352-00039;2024;2100
004-254-00136;2003;2155
017-1702-00104;2017;11016
017-1802-00014;2018;11043
004-246-00058;2001;2128
004-254-00110;2003;2155
004-295-00041;2011;2128
004-250-00092;2002;2128
017-904-00060;2009;11043
017-2401-00074;2024;11016
004-265-00079;2005;2100
017-2202-00069;2022;11043
004-174-47904;1988;2100
017-803-00023;2008;11043
017-1302-00031;2013;11043
004-299-00042;2012;2100
004-189-51580;1990;2100
017-2401-00066;2024;11043
017-1802-00013;2018;11043
004-174-47908;1988;2100
004-250-00132;2002;2155
017-1902-00007;2019;11043
017-1503-00088;2015;11043
004-299-00041;2012;2100
004-265-00078;2005;2100
004-210-00096;1994;2100
004-195-53144;1991;2100
004-295-00101;2011;2155
004-254-00134;2003;2155
004-340-00036;2021;2128
004-295-00042;2011;2128
004-250-00080;2002;2100
004-299-00263;2012;11043
004-217-04065;1995;2100
004-230-00051;1998;2100
004-254-00070;2003;2100
004-276-00092;2007;2128
004-295-00048;2011;2128
004-254-00065;2003;2100
017-1503-00086;2015;11043
004-180-49950;1989;2100
004-226-00078;1997;2100
004-276-00093;2007;2128
017-1203-00108;2012;11043
017-1203-00107;2012;11043
004-299-00258;2012;11043
004-221-00065;1996;2100
004-174-47896;1988;2100
004-254-00063;2003;2100
004-230-00050;1998;2100
004-276-00165;2007;2155
004-246-00055;2001;2128
004-135-39411;1983;2128
004-250-00091;2002;2128
017-904-00063;2009;11043
017-1302-00119;2013;11016
017-1702-00100;2017;11043
004-295-00051;2011;2155
017-2204-00002;2022;11016
004-250-00078;2002;2128
017-1602-00124;2016;11016
004-340-00063;2021;2155
017-2102-00073;2021;11016
004-299-00259;2012;11043
004-250-00131;2002;2155
004-246-00063;2001;2155
004-340-00062;2021;2155
004-174-47894;1988;2100
004-153-42909;1985;2100
017-1702-00103;2017;11016
004-135-39342;1983;2155
004-135-39392;1983;2128
017-1802-00103;2018;11043
004-271-00074;2006;2100
004-276-00076;2007;2100
004-276-00152;2007;2128
017-2102-00081;2021;11043
004-226-00079;1997;2100
017-1702-00016;2017;11043
004-246-00053;2001;2128
004-250-00079;2002;2128
004-276-00166;2007;2155
004-250-00178;2002;2183
004-276-00164;2007;2155
004-180-49944;1989;2100
004-250-00130;2002;2155
004-295-00105;2011;2155
017-2102-00074;2021;11043
004-295-00170;2011;2183
004-254-00131;2003;2155
017-1503-00091;2015;11016
017-1902-00004;2019;11043
004-250-00129;2002;2155
017-1802-00012;2018;11043
004-195-53146;1991;2100
004-135-39373;1983;2155
017-1103-00033;2011;11043
004-250-00095;2002;2128
017-803-00021;2008;11043
017-904-00110;2009;11043
017-1002-00125;2010;11016
004-295-00044;2011;2128
017-1203-00112;2012;11016
004-246-00060;2001;2128
004-217-04066;1995;2100
004-250-00090;2002;2128
004-205-55148;1993;2100
004-340-00025;2021;2128
004-295-00103;2011;2155
004-195-53145;1991;2100
004-276-00088;2007;2128
004-295-00106;2011;2155
004-332-00153;2019;11016
017-2102-00075;2021;11043
004-295-00147;2011;2183
004-205-55149;1993;2100
004-276-00151;2007;2128
017-1103-00032;2011;11043
017-2204-00045;2022;2100
017-1702-00015;2017;11043
017-1203-00123;2012;11043
017-2202-00067;2022;11043
004-254-00078;2003;2128
004-254-00072;2003;2128
004-340-00081;2021;2183
004-174-47892;1988;2100
004-250-00135;2002;2155
004-340-00106;2021;2183
017-904-00064;2009;11043
004-254-00077;2003;2128
017-1602-00032;2016;11043
017-2401-00065;2024;11043
004-250-00256;2002;2183
004-254-00088;2003;2128
017-1402-00122;2014;11016
017-1103-00031;2011;11043
004-250-00177;2002;2183
017-904-00117;2009;11043
004-135-39394;1983;2155
017-1702-00101;2017;11043
004-265-00083;2005;2128
017-1902-00006;2019;11043
004-250-00101;2002;2128
004-276-00089;2007;2128
004-246-00059;2001;2128
017-1503-00092;2015;11016
004-276-00147;2007;2128
004-250-00089;2002;2128
004-226-00077;1997;2100
017-2204-00003;2022;11016
004-295-00171;2011;10959
017-1103-00117;2011;11043
004-276-00224;2007;2183
004-250-00083;2002;2128
004-254-00111;2003;2155
004-276-00169;2007;2155
017-1503-00152;2015;11043
017-803-00031;2008;11016
004-250-00097;2002;2128
017-1402-00162;2014;11016
017-1702-00102;2017;11016
004-276-00150;2007;2128
017-1802-00104;2018;11016
004-254-00130;2003;2155
017-1402-00038;2014;11043
017-2202-00070;2022;11043
004-246-00062;2001;2155
004-295-00046;2011;2128
004-265-00089;2005;2128
017-1002-00126;2010;11016
004-340-00035;2021;2128
004-340-00077;2021;2155
017-2302-00005;2023;11043
004-276-00146;2007;2128
004-250-00088;2002;2128
004-254-00069;2003;2100
017-904-00065;2009;11043
004-254-00079;2003;2128
017-1002-00118;2010;11043
017-1203-00124;2012;11043
004-276-00168;2007;2155
004-295-00045;2011;2128
004-254-00104;2003;2155
017-2301-00089;2023;11016
004-265-00122;2005;2128
004-250-00102;2002;2128
017-2102-00076;2021;11043
004-276-00229;2007;2183
004-195-53150;1991;2100
004-265-00117;2005;2128
004-299-00265;2012;11016
004-250-00182;2002;2183
004-254-00135;2003;2155
004-299-00256;2012;11043
004-250-00096;2002;2128
004-250-00184;2002;2183
017-013-00031;2001;10959
004-340-00032;2021;2128
004-265-00088;2005;2128
004-276-00149;2007;2128
017-1402-00037;2014;11043
017-904-00116;2009;11043
004-254-00107;2003;2128
017-1902-00005;2019;11043
004-254-00068;2003;2100
017-1402-00039;2014;11043
004-276-00145;2007;2128
004-250-00086;2002;2128
004-313-00039;2015;2100
004-135-39338;1983;2183
017-904-00118;2009;11043
004-250-00176;2002;2183
004-276-00167;2007;2155
017-2302-00007;2023;11043
017-1802-00011;2018;11043
004-246-00052;2001;2128
004-254-00080;2003;2128
004-250-00084;2002;2128
004-276-00173;2007;2155
017-1302-00120;2013;11016
004-250-00103;2002;2128
004-135-39393;1983;2128
017-1002-00122;2010;11016
017-1302-00125;2013;11043
004-174-47902;1988;2100
017-904-00119;2009;11043
004-340-00079;2021;2183
017-2401-00057;2024;11016
017-1602-00126;2016;11043
017-013-00030;2001;10959
017-1402-00036;2014;11043
017-1203-00121;2012;11043
017-2202-00071;2022;11043
004-254-00074;2003;2128
004-265-00087;2005;2128
004-340-00026;2021;2128
004-276-00148;2007;2128
004-230-00056;1998;2100
004-250-00183;2002;2183
004-295-00070;2011;2155
004-250-00175;2002;2183
017-904-00059;2009;11016
004-135-39339;1983;2183
017-1103-00028;2011;11043
004-265-00112;2005;2128
004-265-00114;2005;2128
004-276-00172;2007;2183
017-013-00080;2001;2183
004-276-00144;2007;2128
017-1002-00119;2010;11043
004-276-00233;2007;10959
004-135-39399;1983;2128
004-254-00106;2003;2128
004-250-00104;2002;2128
004-135-39398;1983;2128
004-221-00074;1996;2100
004-135-39336;1983;2183
004-135-39397;1983;2128
004-135-39369;1983;2155
017-2204-00004;2022;11043
017-803-00020;2008;11043
004-135-39400;1983;2128
004-340-00105;2021;2183
004-265-00116;2005;2128
017-1002-00127;2010;11016
004-276-00231;2007;2183
017-1002-00120;2010;11043
017-2302-00006;2023;11043
004-254-00076;2003;2128
017-2401-00064;2024;11043
017-1503-00154;2015;11043
017-2301-00090;2023;11016
004-246-00061;2001;2155
004-295-00182;2011;10959
017-803-00032;2008;11016
004-230-00055;1998;2100
004-210-00097;1994;2100
017-013-00023;2001;10959
004-295-00172;2011;2183
004-254-00086;2003;2128
004-276-00234;2007;10959
017-013-00079;2001;2183
017-2401-00063;2024;10988
017-1402-00034;2014;11043
017-1402-00035;2014;11043
004-265-00111;2005;2128
004-340-00060;2021;2155
004-250-00082;2002;2100
017-1402-00163;2014;11043
017-1302-00030;2013;11043
004-250-00251;2002;10959
004-254-00066;2003;2100
017-1203-00122;2012;11043
017-1002-00121;2010;11016
004-276-00140;2007;2128
017-1002-00124;2010;11016
004-254-00105;2003;2128
004-340-00076;2021;2155
004-250-00185;2002;2183
004-276-00232;2007;2183
017-904-00115;2009;11015
017-013-00025;2001;2184
017-1503-00153;2015;11043
004-135-39337;1983;2183
004-340-00064;2021;2155
017-1103-00030;2011;11043
017-1002-00123;2010;11016
017-1203-00116;2012;11016
004-340-00037;2021;2128
017-1602-00031;2016;11015
004-250-00241;2002;10959
017-1002-00032;2010;11043
004-135-39343;1983;2155
004-295-00057;2011;2128
004-295-00058;2011;2128
017-1103-00029;2011;11043
004-250-00228;2002;2184
004-295-00144;2011;2183
017-013-00029;2001;2184
017-1602-00029;2016;10988
017-803-00019;2008;10988
004-135-39401;1983;2128
017-1402-00166;2014;11016
017-1302-00029;2013;11043
004-265-00113;2005;2128
004-295-00169;2011;2183
004-295-00107;2011;2155
017-1602-00127;2016;11016
004-265-00120;2005;2128
017-013-00024;2001;2184
017-013-00078;2001;2183
004-295-00059;2011;2128
004-250-00257;2002;2183
004-276-00138;2007;2128
004-254-00137;2003;2155
004-295-00100;2011;2155
004-276-00091;2007;2128
004-250-00105;2002;2128
004-135-39402;1983;2128
004-295-00069;2011;2155
004-276-00139;2007;2128
017-1602-00030;2016;10988
004-250-00250;2002;10959
004-250-00240;2002;2184
004-250-00186;2002;2183
017-1203-00120;2012;11043
017-2302-00009;2023;11043
004-250-00227;2002;2184
017-013-00082;2001;10959
004-295-00180;2011;10959
004-265-00121;2005;2128
017-904-00111;2009;10988
004-135-39374;1983;2155
004-295-00052;2011;2128
017-1103-00120;2011;10988
017-2401-00062;2024;10988
017-2401-00059;2024;11043
004-295-00068;2011;2155
004-254-00138;2003;2155
017-013-00075;2001;2183
017-013-00028;2001;2184
004-276-00122;2007;2128
004-276-00141;2007;2128
004-250-00187;2002;2183
017-1203-00113;2012;11016
017-013-00081;2001;2156
004-340-00075;2021;2155
004-340-00027;2021;2128
004-265-00115;2005;2128
004-340-00082;2021;2183
004-276-00228;2007;2183
004-295-00072;2011;2155
004-276-00223;2007;2183
017-2204-00005;2022;11016
004-276-00143;2007;2128
017-1103-00027;2011;11043
004-295-00060;2011;2128
004-265-00124;2005;2155
017-904-00053;2009;11016
004-340-00061;2021;2155
017-1503-00027;2015;10988
017-1203-00118;2012;11016
017-2202-00072;2022;10988
017-2401-00058;2024;11016
004-276-00121;2007;2128
004-276-00142;2007;2128
004-340-00065;2021;2155
017-1002-00031;2010;10988
004-295-00053;2011;2128
004-295-00054;2011;2128
004-295-00055;2011;2128
004-340-00031;2021;2128
017-013-00074;2001;2183
017-904-00112;2009;10988
004-295-00075;2011;2155
017-1702-00014;2017;10988
004-340-00104;2021;2156
004-265-00141;2005;2155
004-295-00056;2011;2128
004-340-00074;2021;2155
017-1203-00115;2012;11016
017-1503-00026;2015;10988
004-276-00227;2007;2183
017-904-00113;2009;10988
004-276-00118;2007;2128
004-250-00128;2002;2128
017-904-00054;2009;11016
004-276-00222;2007;2183
004-276-00090;2007;2128
004-276-00120;2007;2128
017-1503-00023;2015;10988
004-340-00028;2021;2128
017-1503-00155;2015;11016
017-904-00056;2009;11016
004-332-00186;2019;10988
004-276-00119;2007;2128
017-1203-00119;2012;11016
017-1802-00010;2018;10988
017-013-00033;2001;2156
004-135-39375;1983;2155
017-904-00121;2009;10988
004-250-00249;2002;10959
004-265-00119;2005;2128
017-013-00083;2001;10959
004-250-00085;2002;2128
017-1103-00026;2011;11043
017-904-00114;2009;10988
004-265-00110;2005;2128
004-246-00054;2001;2128
004-254-00083;2003;2128
017-1503-00022;2015;10988
017-2302-00011;2023;11016
017-2302-00010;2023;11016
017-1302-00123;2013;11016
004-135-39344;1983;2155
004-250-00127;2002;2128
004-250-00258;2002;2156
017-1402-00032;2014;10988
004-254-00129;2003;2155
004-276-00175;2007;2183
017-1103-00119;2011;10988
004-246-00051;2001;2128
017-013-00018;2001;2184
004-276-00226;2007;2183
017-1002-00030;2010;10988
004-265-00109;2005;2128
004-250-00248;2002;2156
004-135-39449;1983;2128
004-276-00221;2007;2183
017-1203-00114;2012;11016
017-013-00073;2001;2183
004-265-00154;2005;2183
017-2204-00006;2022;11016
017-1103-00025;2011;11016
017-1602-00128;2016;11016
004-250-00259;2002;2183
004-295-00143;2011;2183
017-1902-00002;2019;10988
017-1802-00105;2018;11016
017-1302-00028;2013;10988
017-2202-00074;2022;10988
004-250-00242;2002;2184
004-254-00140;2003;2183
004-323-00197;2017;10988
004-295-00108;2011;2155
017-013-00032;2001;2156
004-295-00179;2011;2156
017-013-00013;2001;2184
004-276-00137;2007;2128
004-332-00187;2019;10988
004-254-00128;2003;2155
004-135-39327;1983;2129
004-254-00067;2003;2128
004-332-00156;2019;11016
004-135-39416;1983;2128
004-276-00176;2007;2183
004-135-39368;1983;2155
004-340-00029;2021;2128
017-2202-00073;2022;10988
035-2101-00015;2021;2184
017-1103-00118;2011;10988
017-1402-00033;2014;10988
017-2401-00060;2024;10988
035-021-37922;2002;10959
004-276-00225;2007;2183
035-021-37917;2002;10959
017-1702-00013;2017;10988
004-340-00102;2021;2156
017-1302-00027;2013;10988
004-276-00220;2007;2183
035-1101-35013;2011;2184
004-340-00059;2021;2155
004-135-39364;1983;2155
017-1503-00158;2015;11016
017-1602-00028;2016;10988
004-135-39417;1983;2128
017-013-00012;2001;2184
017-1002-00128;2010;11016
017-013-00022;2001;10959
017-1802-00106;2018;11016
017-2204-00009;2022;11016
017-1103-00024;2011;10988
004-295-00061;2011;2128
017-013-00039;2001;2156
004-250-00190;2002;2183
004-254-00127;2003;2155
004-254-00139;2003;2129
004-276-00111;2007;2155
004-276-00136;2007;2128
004-276-00248;2007;2184
004-340-00030;2021;2128
017-1002-00136;2010;10988
004-313-00229;2015;10988
004-308-00249;2014;11016
004-295-00073;2011;2155
017-013-00077;2001;2156
004-340-00058;2021;2155
004-135-39420;1983;2128
017-2401-00055;2024;11016
017-1402-00167;2014;11016
055-037- 0004;2003;2184
035-1101-35011;2011;2184
004-295-00076;2011;2155
017-1203-00117;2012;11016
004-276-00177;2007;2183
004-265-00125;2005;2128
004-135-39345;1983;2155
004-265-00147;2005;2183
017-1503-00021;2015;10988
004-250-00239;2002;2184
017-1002-00135;2010;11016
004-313-00231;2015;10988
004-295-00168;2011;2183
017-2302-00015;2023;10988
004-276-00109;2007;2155
004-295-00173;2011;2156
004-135-39326;1983;2183
017-1802-00111;2018;10988
004-295-00074;2011;2155
004-295-00065;2011;2128
017-1002-00029;2010;10988
004-135-39325;1983;2129
017-1602-00133;2016;11016
004-295-00151;2011;2183
004-135-39422;1983;2128
004-254-00092;2003;2128
004-135-39450;1983;2128
004-265-00101;2005;2128
004-254-00126;2003;2155
004-135-39423;1983;2128
017-1103-00023;2011;10988
004-295-00110;2011;2155
004-265-00107;2005;2128
055-037- 0007;2003;2156
017-013-00019;2001;2184
004-295-00063;2011;2128
004-295-00177;2011;2156
004-250-00147;2002;2129
004-254-00108;2003;2128
004-250-00260;2002;2156
004-250-00191;2002;2183
004-295-00062;2011;2128
017-013-00038;2001;2156
035-021-37923;2002;2184
004-254-00141;2003;2129
035-1101-35012;2011;2184
017-1203-00125;2012;10988
017-803-00018;2008;10988
004-265-00153;2005;2183
004-135-39418;1983;2128
004-276-00108;2007;2155
017-013-00015;2001;2184
004-276-00190;2007;2155
004-276-00246;2007;2184
017-2401-00061;2024;10988
004-250-00252;2002;2156
004-265-00127;2005;2155
017-013-00076;2001;2156
017-013-00070;2001;2183
017-1503-00159;2015;11016
017-1602-00023;2016;10988
004-250-00136;2002;2155
004-250-00247;2002;2156
004-265-00102;2005;2128
004-276-00128;2007;2128
004-135-39415;1983;2128
035-021-37918;2002;2184
004-276-00249;2007;2184
017-1503-00024;2015;10988
004-250-00246;2002;2184
017-1002-00129;2010;11016
004-295-00141;2011;2183
004-250-00121;2002;2155
004-135-39363;1983;2155
004-340-00067;2021;2155
035-031-35026;2003;2184
004-250-00146;2002;2129
017-013-00020;2001;2184
035-021-37919;2002;2184
004-135-39330;1983;2155
004-276-00135;2007;2128
004-254-00112;2003;2155
004-340-00066;2021;2155
017-1203-00131;2012;11016
004-250-00192;2002;2183
035-031-35028;2003;2184
035-2101-00018;2021;2156
004-250-00263;2002;2156
017-803-00036;2008;11016
004-276-00247;2007;2156
017-013-00047;2001;2156
017-013-00069;2001;2183
035-2401-00010;2024;2709
035-051-35013;2005;2156
017-904-00055;2009;11016
004-265-00106;2005;2128
004-308-00246;2014;10988
055-037- 0006;2003;2156
017-1802-00107;2018;11016
004-276-00123;2007;2128
035-021-37924;2002;2184
035-051-35014;2005;2156
035-2101-00014;2021;2184
017-013-00017;2001;2184
004-250-00237;2002;2184
004-250-00243;2002;2156
035-051-35015;2005;2156
004-250-00111;2002;2128
035-051-35010;2005;2156
004-265-00181;2005;2184
017-1103-00022;2011;10988
004-265-00128;2005;2155
017-013-00041;2001;2156
017-1602-00024;2016;10988
017-1103-00121;2011;11016
004-276-00235;2007;2156
004-250-00109;2002;2128
017-1002-00130;2010;11016
004-250-00255;2002;2156
017-1402-00030;2014;10988
004-135-39262;1983;2156
004-250-00137;2002;2155
017-2401-00027;2024;10988
004-135-39376;1983;2155
017-2302-00014;2023;10988
017-1702-00012;2017;10988
017-013-00016;2001;2184
035-021-37928;2002;2184
035-011-37843;2001;2184
035-011-37839;2001;2184
017-013-00046;2001;2156
004-323-00193;2017;11016
017-904-00120;2009;10988
004-308-00245;2014;10988
004-340-00101;2021;2156
004-254-00113;2003;2155
035-021-37927;2002;2184
017-1602-00134;2016;11016
004-135-39387;1983;2155
004-254-00125;2003;2155
004-250-00193;2002;2183
004-254-00091;2003;2128
055-037- 0005;2003;2184
004-250-00126;2002;2155
004-295-00064;2011;2128
035-031-35027;2003;2184
004-276-00250;2007;2184
004-295-00140;2011;2129
004-135-39388;1983;2128
017-1602-00025;2016;10988
004-340-00083;2021;2183
004-265-00146;2005;2129
004-135-39419;1983;2128
035-2401-00018;2024;2407
017-2302-00016;2023;10988
017-2401-00028;2024;10988
017-2401-00054;2024;11016
004-295-00066;2011;2128
017-1602-00131;2016;11016
017-904-00049;2009;10988
017-1503-00161;2015;11016
004-340-00073;2021;2129
035-021-37920;2002;2184
004-295-00167;2011;2156
004-313-00232;2015;11016
017-013-00045;2001;2156
004-135-39324;1983;2129
035-021-37916;2002;2184
004-276-00251;2007;2184
004-135-39414;1983;2128
004-250-00138;2002;2155
004-295-00183;2011;2184
035-031-35025;2003;2184
035-1101-35025;2011;2156
004-135-39367;1983;2155
004-135-39377;1983;2155
004-254-00081;2003;2128
004-265-00183;2005;2184
035-1101-35010;2011;2184
004-250-00174;2002;2183
017-904-00122;2009;10988
004-265-00178;2005;2156
017-013-00071;2001;2183
017-1302-00026;2013;10988
017-1602-00022;2016;10988
035-2101-00016;2021;2184
004-246-00066;2001;2155
035-051-35011;2005;2156
035-021-37929;2002;2184
004-332-00188;2019;10988
004-250-00253;2002;2156
035-2101-00013;2021;2184
035-021-37926;2002;2184
035-051-35016;2005;2156
004-276-00107;2007;2155
035-1101-35015;2011;2184
004-135-39292;1983;2156
004-308-00248;2014;11016
004-135-39263;1983;2156
017-1802-00112;2018;10988
004-250-00120;2002;2128
017-013-00044;2001;2156
017-1802-00108;2018;10988
017-1302-00025;2013;10988
004-295-00113;2011;2155
004-250-00188;2002;2183
017-1503-00156;2015;11016
017-013-00072;2001;2183
035-011-37838;2001;2156
035-011-37832;2001;2156
004-276-00193;2007;2129
004-250-00122;2002;2155
004-250-00113;2002;2128
004-276-00134;2007;2128
004-276-00117;2007;2155
004-276-00189;2007;2129
017-904-00048;2009;10988
004-135-39329;1983;2129
004-265-00142;2005;2129
017-013-00042;2001;2156
004-265-00182;2005;2184
004-250-00143;2002;2129
004-135-39309;1983;2183
004-135-39332;1983;2155
004-250-00238;2002;2184
004-250-00125;2002;2155
004-250-00173;2002;2183
017-1002-00028;2010;10988
004-265-00131;2005;2129
035-1101-35026;2011;2184
004-295-00098;2011;2155
035-051-35007;2005;2156
004-135-39274;1983;2156
035-2101-00012;2021;2184
004-254-00142;2003;2129
004-250-00108;2002;2128
017-1203-00130;2012;10988
017-2204-00010;2022;11016
035-031-35022;2003;2184
004-265-00099;2005;2128
004-254-00143;2003;2129
004-332-00157;2019;11016
035-051-35009;2005;2156
004-265-00149;2005;2129
004-295-00111;2011;2155
004-250-00148;2002;2129
017-803-00035;2008;11016
017-1602-00132;2016;11016
017-2401-00053;2024;11016
004-276-00130;2007;2128
004-135-39413;1983;2128
004-265-00175;2005;2156
004-250-00112;2002;2128
004-265-00103;2005;2128
004-135-39291;1983;2156
004-250-00254;2002;2156
017-2401-00049;2024;10988
004-313-00228;2015;10988
004-295-00112;2011;2155
017-1602-00026;2016;10988
035-031-35024;2003;2184
017-013-00067;2001;2129
004-265-00177;2005;2156
004-135-39264;1983;2156
017-1602-00027;2016;10988
004-276-00245;2007;2156
004-340-00099;2021;2156
035-2101-00020;2021;2156
004-340-00057;2021;2155
004-265-00104;2005;2128
004-265-00105;2005;2128
004-276-00252;2007;2184
004-265-00100;2005;2128
004-276-00131;2007;2128
004-265-00179;2005;2156
017-1802-00133;2018;11016
004-276-00242;2007;2156
004-254-00101;2003;2155
004-250-00145;2002;2129
004-265-00129;2005;2155
004-276-00243;2007;2156
017-2204-00015;2022;10988
035-2101-00021;2021;2156
004-135-39334;1983;2155
004-135-39333;1983;2155
035-2101-00017;2021;2156
004-265-00188;2005;2184
017-1402-00029;2014;10988
004-295-00077;2011;2155
017-1002-00137;2010;10988
004-254-00102;2003;2155
017-2204-00007;2022;11016
004-135-39293;1983;2156
004-340-00084;2021;2129
017-1203-00129;2012;10988
017-1103-00021;2011;10988
055-037- 0003;2003;2184
004-276-00106;2007;2155
004-295-00078;2011;2155
035-011-37844;2001;2184
004-254-00094;2003;2155
004-135-39310;1983;2183
004-265-00145;2005;2129
017-803-00017;2008;10988
004-250-00119;2002;2128
004-135-39384;1983;2155
035-011-37840;2001;2184
035-011-37836;2001;2156
004-295-00176;2011;2156
035-011-37829;2001;2156
035-2101-00007;2021;2184
004-276-00254;2007;2184
017-1203-00127;2012;10988
035-011-37837;2001;2156
035-011-37831;2001;2156
004-135-39265;1983;2156
004-246-00064;2001;2155
004-246-00048;2001;2128
004-340-00072;2021;2129
004-323-00194;2017;11016
035-071-35011;2007;2156
004-135-39362;1983;2155
004-308-00244;2014;10988
004-295-00115;2011;2129
004-265-00130;2005;2155
004-250-00225;2002;2184
055-037- 0008;2003;2156
004-135-39273;1983;2156
004-254-00144;2003;2129
004-340-00100;2021;2156
004-295-00166;2011;2156
004-276-00114;2007;2155
017-1302-00130;2013;10988
035-071-35009;2007;2156
004-135-39272;1983;2156
017-013-00049;2001;2156
004-265-00180;2005;2156
004-250-00144;2002;2129
017-013-00048;2001;2156
004-254-00186;2003;2184
004-250-00118;2002;2128
035-071-35008;2007;2156
004-265-00143;2005;2129
004-276-00113;2007;2155
035-071-35006;2007;2156
004-276-00253;2007;2184
004-276-00244;2007;2156
004-265-00095;2005;2101
004-295-00079;2011;2155
004-276-00194;2007;2183
017-013-00056;2001;2184
004-340-00085;2021;2129
017-904-00050;2009;11016
017-1802-00135;2018;11016
017-1103-00020;2011;10988
017-013-00050;2001;2156
004-265-00156;2005;2183
017-1103-00018;2011;10988
004-135-39386;1983;2101
017-1802-00109;2018;10988
004-276-00241;2007;2156
004-276-00124;2007;2128
035-011-37845;2001;2184
004-135-39311;1983;2129
004-250-00172;2002;2129
004-340-00068;2021;2155
017-1702-00011;2017;10988
035-011-37841;2001;2184
004-265-00132;2005;2129
004-265-00172;2005;2156
004-135-39346;1983;2129
004-250-00140;2002;2155
004-295-00153;2011;2129
017-1203-00132;2012;11016
004-246-00067;2001;2155
004-313-00233;2015;10988
017-1802-00009;2018;10988
004-265-00174;2005;2156
017-2401-00026;2024;10988
035-1101-35024;2011;2156
017-1402-00027;2014;10988
004-340-00098;2021;2156
017-2202-00075;2022;10988
017-013-00043;2001;2156
004-265-00144;2005;2129
035-011-37834;2001;2156
017-2401-00050;2024;11016
004-265-00098;2005;2128
004-340-00071;2021;2129
004-276-00196;2007;2129
004-340-00039;2021;2128
017-1702-00010;2017;10988
004-340-00038;2021;2128
017-2204-00012;2022;10988
035-2401-00040;2024;2544
035-011-37830;2001;2156
004-254-00100;2003;2155
004-254-00184;2003;2184
017-1302-00024;2013;10988
017-1802-00113;2018;10988
017-2401-00025;2024;10988
004-295-00139;2011;2129
004-250-00229;2002;2184
004-250-00149;2002;2129
017-2204-00014;2022;10988
004-295-00165;2011;2156
004-250-00141;2002;2129
004-276-00195;2007;2129
035-1101-35023;2011;2156
017-1203-00133;2012;11016
004-254-00147;2003;2129
004-250-00107;2002;2128
004-250-00262;2002;2156
004-340-00055;2021;2155
004-332-00179;2019;11016
004-265-00176;2005;2156
017-803-00037;2008;11016
004-276-00133;2007;2128
017-2401-00048;2024;10988
035-071-35004;2007;2156
004-250-00234;2002;2184
017-013-00035;2001;2156
004-308-00240;2014;11016
017-013-00066;2001;2129
035-071-35005;2007;2156
004-299-00246;2012;11016
004-250-00201;2002;2156
004-254-00185;2003;2184
055-037- 0002;2003;2184
017-2302-00017;2023;10988
055-037- 0009;2003;2156
017-1402-00028;2014;10988
004-265-00189;2005;2184
035-1101-35022;2011;2156
004-135-39266;1983;2156
017-1002-00133;2010;11016
035-1101-35028;2011;2156
004-250-00261;2002;2156
004-265-00157;2005;2129
017-013-00037;2001;2156
004-276-00218;2007;2156
017-1802-00110;2018;10988
017-1103-00019;2011;10988
004-135-39323;1983;2129
004-295-00185;2011;2184
017-1002-00138;2010;11016
017-1802-00134;2018;11016
017-013-00062;2001;2156
017-2302-00012;2023;11016
035-2101-00009;2021;2184
035-071-35010;2007;2156
004-265-00096;2005;2101
017-1602-00021;2016;10988
035-2101-00010;2021;2184
004-135-39290;1983;2156
004-254-00124;2003;2129
035-071-35007;2007;2156
004-250-00235;2002;2184
004-332-00194;2019;10988
017-2401-00052;2024;11016
055-037- 0014;2003;2184
004-246-00050;2001;2128
017-1203-00128;2012;10988
004-308-00242;2014;10988
004-250-00123;2002;2101
004-276-00217;2007;2156
017-1302-00023;2013;10988
004-265-00092;2005;2155
004-295-00164;2011;2156
004-250-00117;2002;2101
055-037- 0013;2003;2156
017-1402-00026;2014;10988
017-2204-00011;2022;11016
017-1002-00134;2010;11016
004-276-00127;2007;2128
004-313-00234;2015;10988
004-250-00244;2002;2156
004-135-39267;1983;2156
017-904-00047;2009;10988
004-135-39385;1983;2101
017-2204-00016;2022;10988
004-135-39301;1983;2156
004-254-00090;2003;2128
004-250-00142;2002;2129
017-2204-00013;2022;10988
004-308-00241;2014;11016
004-254-00183;2003;2184
004-135-39271;1983;2156
004-276-00116;2007;2101
017-013-00034;2001;2156
004-299-00245;2012;10988
004-295-00189;2011;2184
004-313-00235;2015;10988
004-246-00049;2001;2101
017-1602-00020;2016;10988
004-340-00086;2021;2129
004-340-00056;2021;2101
004-295-00116;2011;2129
004-295-00096;2011;2129
004-135-39383;1983;2155
004-276-00132;2007;2128
017-1103-00128;2011;10988
055-037- 0012;2003;2156
004-276-00236;2007;2156
017-013-00036;2001;2156
035-1101-35029;2011;2184
035-011-37835;2001;2156
017-2202-00076;2022;10988
004-250-00199;2002;2156
004-276-00191;2007;2129
035-011-37828;2001;2156
035-051-35006;2005;2156
017-904-00046;2009;10988
004-250-00116;2002;2101
004-135-39412;1983;2128
017-2401-00024;2024;10988
004-295-00163;2011;2156
004-276-00192;2007;2129
004-295-00117;2011;2129
035-051-35008;2005;2156
004-250-00200;2002;2156
004-250-00139;2002;2155
004-250-00224;2002;2184
004-323-00192;2017;11016
004-265-00190;2005;2184
004-265-00150;2005;2129
004-265-00133;2005;2129
017-904-00051;2009;11016
017-1302-00141;2013;10988
004-276-00204;2007;2156
004-308-00243;2014;10988
035-1101-35021;2011;2156
017-1503-00162;2015;11016
004-250-00114;2002;2101
017-1802-00132;2018;11016
017-2401-00051;2024;11016
004-276-00239;2007;2156
004-276-00240;2007;2156
004-299-00238;2012;10988
004-295-00097;2011;2155
017-1302-00129;2013;10988
017-1402-00017;2014;10988
004-250-00211;2002;2156
017-2202-00077;2022;10988
055-037- 0010;2003;2156
017-2302-00013;2023;11016
017-1402-00018;2014;10988
017-1103-00122;2011;11016
004-250-00212;2002;2156
035-031-35012;2003;2184
004-254-00146;2003;2129
035-1101-35030;2011;2184
004-332-00192;2019;10988
004-340-00070;2021;2129
004-254-00114;2003;2155
004-265-00093;2005;2101
017-2401-00029;2024;10988
004-250-00198;2002;2156
004-299-00247;2012;11016
004-254-00145;2003;2129
017-1002-00139;2010;10988
004-340-00069;2021;2129
004-332-00191;2019;10988
035-031-35003;2003;2184
004-250-00223;2002;2184
004-265-00171;2005;2156
055-037- 0011;2003;2156
017-2401-00031;2024;10988
004-295-00190;2011;2184
004-265-00097;2005;2101
017-013-00053;2001;2184
017-803-00016;2008;10988
004-135-39307;1983;2156
017-1203-00016;2012;10988
004-276-00216;2007;2156
017-1302-00021;2013;10988
017-013-00057;2001;2184
017-013-00054;2001;2184
017-1103-00017;2011;10988
004-254-00095;2003;2101
004-135-39381;1983;2101
017-1203-00017;2012;10988
004-332-00193;2019;10988
004-265-00158;2005;2129
017-1002-00140;2010;11016
017-1802-00114;2018;10988
035-051-35004;2005;2156
035-051-35005;2005;2156
004-340-00095;2021;2156
004-246-00047;2001;2101
035-031-35002;2003;2184
035-031-35011;2003;2184
017-1103-00139;2011;10988
017-1302-00131;2013;10988
017-2202-00079;2022;10988
004-250-00233;2002;2184
004-276-00197;2007;2129
004-250-00210;2002;2156
017-2302-00019;2023;10988
017-1802-00131;2018;11016
004-254-00177;2003;2184
004-135-39322;1983;2129
017-013-00063;2001;2129
017-1103-00016;2011;10988
004-295-00080;2011;2101
004-254-00099;2003;2101
017-1103-00014;2011;10988
004-265-00184;2005;2184
004-340-00094;2021;2129
004-254-00096;2003;2101
035-021-37930;2002;2184
035-021-37937;2002;2184
004-295-00192;2011;2184
035-1101-35009;2011;2184
017-1103-00015;2011;10988
035-2101-00005;2021;2184
035-071-35014;2007;2184
017-1302-00020;2013;10988
004-135-39281;1983;2184
004-135-39282;1983;2184
004-340-00040;2021;2101
004-250-00115;2002;2101
004-295-00138;2011;2129
017-2204-00017;2022;10988
004-135-39306;1983;2156
004-318-00256;2016;10988
004-254-00176;2003;2184
035-071-35018;2007;2184
017-2401-00030;2024;10988
035-2101-00022;2021;2156
035-1101-35002;2011;2184
004-254-00122;2003;2129
004-135-39347;1983;2129
035-071-35015;2007;2184
035-071-35019;2007;2184
004-313-00223;2015;10988
004-254-00116;2003;2155
017-2202-00078;2022;10988
017-1402-00172;2014;10988
004-135-39287;1983;2184
004-135-39288;1983;2184
004-135-39279;1983;2184
004-135-39280;1983;2184
004-254-00115;2003;2155
004-135-39312;1983;2129
017-1402-00025;2014;10988
004-135-39289;1983;2156
017-1402-00022;2014;10988
004-250-00154;2002;2129
004-246-00065;2001;2101
017-2302-00018;2023;10988
017-1103-00138;2011;10988
004-340-00053;2021;2129
035-1101-35017;2011;2156
004-340-00097;2021;2156
004-295-00137;2011;2129
035-1101-35020;2011;2156
017-1802-00130;2018;11016
017-1802-00115;2018;10988
004-265-00168;2005;2156
004-276-00237;2007;2156
017-904-00052;2009;11016
017-1602-00019;2016;10988
017-1203-00015;2012;10988
017-2302-00020;2023;10988
004-295-00083;2011;2101
004-313-00221;2015;10988
004-265-00198;2005;2184
017-1103-00127;2011;10988
017-013-00009;2001;2184
055-037- 0015;2003;2184
004-323-00175;2017;10988
004-265-00191;2005;2184
004-135-39270;1983;2156
035-071-35016;2007;2184
017-702-00025;2007;2184
017-2401-00047;2024;10988
017-1302-00022;2013;10988
004-276-00102;2007;2101
004-254-00182;2003;2184
004-265-00164;2005;2156
017-2401-00032;2024;10988
004-295-00162;2011;2156
017-1302-00128;2013;11016
035-031-35010;2003;2184
004-295-00154;2011;2129
004-340-00054;2021;2101
035-071-35020;2007;2184
017-1503-00163;2015;11016
004-295-00161;2011;2156
017-904-00123;2009;10988
004-135-39283;1983;2184
004-135-39284;1983;2184
035-2101-00001;2021;2184
004-265-00186;2005;2184
004-340-00093;2021;2129
004-332-00195;2019;10988
004-265-00193;2005;2184
004-313-00224;2015;10988
004-250-00170;2002;2156
004-250-00204;2002;2156
035-021-37938;2002;2184
004-318-00258;2016;10988
004-254-00123;2003;2129
035-1101-35019;2011;2156
004-135-39305;1983;2156
004-318-00265;2016;11016
017-1203-00014;2012;10988
004-250-00209;2002;2156
017-1302-00127;2013;11016
017-803-00040;2008;10988
004-332-00176;2019;11016
017-1203-00146;2012;10988
017-904-00041;2009;11016
004-135-39361;1983;2101
004-295-00095;2011;2129
017-1103-00013;2011;10988
017-013-00002;2001;2184
004-340-00087;2021;2129
035-1101-35008;2011;2184
017-904-00045;2009;10988
035-021-37931;2002;2184
004-135-39348;1983;2129
004-265-00170;2005;2156
017-1002-00027;2010;10988
004-250-00150;2002;2129
017-1802-00129;2018;11016
004-135-39277;1983;2184
004-135-39278;1983;2184
004-254-00098;2003;2101
004-265-00200;2005;2184
004-250-00216;2002;2184
004-276-00126;2007;2101
004-295-00081;2011;2101
017-013-00003;2001;2184
004-135-39285;1983;2184
004-135-39286;1983;2184
004-276-00180;2007;2129
004-250-00171;2002;2156
035-2101-00004;2021;2184
004-254-00150;2003;2184
004-276-00021;2007;10960
004-276-00215;2007;2156
017-702-00026;2007;2184
004-340-00052;2021;2129
004-295-00084;2011;2101
004-250-00217;2002;2184
035-031-35004;2003;2184
004-265-00167;2005;2156
035-071-35021;2007;2184
017-1103-00012;2011;10988
017-1103-00140;2011;10961
035-071-35017;2007;2184
017-1802-00007;2018;10988
017-2202-00080;2022;10988
017-1702-00009;2017;10988
004-265-00199;2005;2184
004-250-00207;2002;2156
017-1802-00002;2018;10961
004-250-00169;2002;2129
017-2302-00030;2023;10988
017-1503-00015;2015;10988
004-332-00196;2019;10988
004-135-39382;1983;2101
035-011-37850;2001;2184
004-308-00239;2014;11016
035-031-35009;2003;2184
035-011-37852;2001;2184
004-250-00208;2002;2156
004-250-00197;2002;2156
017-1503-00016;2015;10988
004-250-00205;2002;2156
004-265-00016;2005;10960
004-276-00203;2007;2156
004-308-00234;2014;10988
035-011-37855;2001;2184
017-1103-00124;2011;11016
035-011-37847;2001;2184
004-295-00157;2011;2129
004-265-00197;2005;2184
004-254-00178;2003;2184
004-299-00223;2012;10988
004-295-00159;2011;2156
035-2101-00002;2021;2184
004-135-39300;1983;2156
004-323-00185;2017;10988
004-265-00169;2005;2156
017-2401-00023;2024;10988
017-803-00015;2008;10961
004-246-00046;2001;2101
004-265-00166;2005;2156
004-246-00069;2001;2129
004-295-00093;2011;2129
004-265-00196;2005;2184
004-340-00044;2021;2101
004-250-00168;2002;2129
004-250-00008;2002;10960
055-037- 0001;2003;2184
017-013-00004;2001;2184
017-1602-00018;2016;10961
017-1402-00023;2014;10988
004-135-39299;1983;2156
017-2401-00033;2024;10988
017-1203-00137;2012;11016
004-313-00240;2015;10988
017-1002-00151;2010;10988
035-031-35005;2003;2184
004-250-00206;2002;2156
017-2202-00083;2022;10961
004-318-00259;2016;11016
017-904-00029;2009;10988
004-323-00176;2017;10988
004-318-00253;2016;10988
017-1402-00016;2014;10961
004-323-00186;2017;10988
017-904-00124;2009;10988
017-1103-00137;2011;10988
035-021-37943;2002;2184
004-313-00241;2015;10988
035-011-37849;2001;2184
035-011-37853;2001;2184
017-013-00008;2001;2184
004-313-00225;2015;10988
017-1503-00017;2015;10988
035-021-37941;2002;2184
004-332-00174;2019;10988
004-295-00082;2011;2101
004-295-00092;2011;2129
004-308-00233;2014;10988
035-011-37854;2001;2184
017-1802-00006;2018;10988
004-250-00164;2002;2129
017-2204-00018;2022;10988
017-1802-00008;2018;10988
035-011-37848;2001;2184
017-1802-00116;2018;10988
004-265-00194;2005;2184
004-250-00009;2002;10960
004-340-00088;2021;2129
004-250-00220;2002;2184
004-250-00222;2002;2184
017-1302-00016;2013;10988
017-1402-00020;2014;10988
035-071-35026;2007;2184
035-031-35006;2003;2184
017-052-00018;2005;2184
035-071-35023;2007;2184
004-254-00171;2003;10960
035-1101-35006;2011;2184
004-323-00174;2017;10988
035-1101-35007;2011;2184
004-318-00250;2016;10988
004-265-00014;2005;10960
004-276-00211;2007;2156
017-013-00005;2001;2184
004-265-00015;2005;10960
017-904-00030;2009;10988
017-1002-00150;2010;10988
017-803-00038;2008;10988
004-265-00195;2005;2184
004-295-00119;2011;2129
004-276-00023;2007;10960
004-265-00163;2005;2156
004-250-00221;2002;2184
004-276-00207;2007;2129
017-1203-00145;2012;10988
017-013-00060;2001;2156
035-071-35024;2007;2184
035-071-35025;2007;2184
004-135-39313;1983;2129
004-276-00020;2007;10960
004-250-00218;2002;2184
017-1503-00165;2015;11016
004-276-00205;2007;2156
004-318-00251;2016;10988
004-313-00237;2015;10988
004-276-00214;2007;2156
004-135-39304;1983;2156
035-021-37939;2002;2184
035-021-37932;2002;2184
017-1002-00026;2010;10961
004-340-00042;2021;2101
017-1802-00003;2018;10988
017-1002-00152;2010;10988
017-803-00046;2008;10988
004-250-00005;2002;10960
004-250-00006;2002;10960
004-276-00103;2007;2129
004-250-00010;2002;10960
004-276-00019;2007;10960
004-295-00133;2011;2129
035-021-37933;2002;2184
035-021-37940;2002;2184
004-340-00092;2021;2129
004-323-00168;2017;10988
017-803-00014;2008;10961
004-318-00252;2016;10988
004-276-00199;2007;2129
004-340-00096;2021;2156
004-254-00149;2003;2184
004-332-00163;2019;11016
004-250-00163;2002;2129
004-276-00208;2007;2129
017-1402-00021;2014;10988
004-276-00213;2007;2156
004-250-00012;2002;10960
004-265-00192;2005;2184
004-313-00238;2015;10988
004-254-00121;2003;2129
004-265-00159;2005;2129
017-702-00030;2007;2156
017-2401-00046;2024;10988
004-265-00165;2005;2156
004-254-00148;2003;2129
004-250-00011;2002;10960
004-135-39298;1983;2156
017-2202-00085;2022;10961
017-803-00039;2008;10988
004-246-00068;2001;2129
004-254-00179;2003;2184
004-295-00134;2011;2129
004-276-00018;2007;10960
004-250-00195;2002;2156
017-052-00027;2005;2156
004-135-39349;1983;2129
004-323-00183;2017;10988
004-135-39380;1983;2101
017-904-00028;2009;10988
004-340-00045;2021;2101
017-2204-00019;2022;10988
035-031-35020;2003;2184
017-1002-00149;2010;10988
017-013-00064;2001;2129
004-135-39297;1983;2156
004-250-00196;2002;2156
035-031-35018;2003;2184
017-052-00017;2005;2184
017-1302-00017;2013;10988
017-1702-00008;2017;10988
035-071-35027;2007;2184
017-1302-00018;2013;10988
017-1203-00148;2012;10988
004-323-00177;2017;10988
004-265-00162;2005;2156
017-1901-00024;2019;10961
035-071-35030;2007;2184
017-904-00044;2009;10988
004-323-00167;2017;10988
004-250-00162;2002;2129
017-2302-00025;2023;10988
004-250-00151;2002;2129
004-265-00139;2005;2129
017-702-00033;2007;2156
017-904-00042;2009;11016
004-323-00182;2017;10988
035-031-35013;2003;2184
017-1203-00144;2012;10988
017-702-00032;2007;2156
017-1802-00117;2018;10988
017-1203-00143;2012;10988
004-265-00012;2005;10960
035-031-35017;2003;2184
004-295-00120;2011;2129
035-071-35029;2007;2184
035-071-35028;2007;2184
004-254-00180;2003;2184
035-031-35021;2003;2184
004-295-00121;2011;2129
004-254-00120;2003;2129
017-1103-00125;2011;11016
004-276-00017;2007;10960
017-052-00019;2005;2184
017-2302-00029;2023;10988
017-904-00125;2009;10961
004-323-00166;2017;10988
004-308-00232;2014;10988
017-1203-00012;2012;10988
004-340-00051;2021;2129
017-2202-00082;2022;10988
004-276-00125;2007;2101
017-1802-00005;2018;10988
017-013-00007;2001;2184
004-135-39215;1983;10961
035-031-35015;2003;2184
004-250-00166;2002;2129
035-031-35014;2003;2184
004-313-00213;2015;10988
004-250-00156;2002;2101
017-1203-00013;2012;10988
004-295-00085;2011;2101
017-904-00043;2009;10988
035-031-35016;2003;2184
004-340-00043;2021;2101
017-2202-00084;2022;10961
017-1203-00011;2012;10988
017-1103-00136;2011;10961
004-313-00239;2015;10988
004-254-00117;2003;2129
017-1103-00011;2011;10988
004-250-00219;2002;2184
017-1402-00190;2014;10988
017-2202-00081;2022;10988
004-250-00165;2002;2129
004-276-00016;2007;10960
004-265-00011;2005;10960
017-1203-00156;2012;10988
004-254-00119;2003;2129
004-254-00174;2003;2185
017-2302-00028;2023;10988
004-254-00154;2003;10960
004-332-00202;2019;10988
017-1203-00147;2012;10988
017-1901-00025;2019;10988
017-052-00020;2005;2156
004-265-00010;2005;10960
004-250-00152;2002;2129
004-323-00188;2017;10988
017-2401-00022;2024;10988
017-1002-00141;2010;11016
017-1203-00142;2012;10988
004-313-00214;2015;10988
017-1302-00015;2013;10988
004-135-39350;1983;2129
017-1102-00004;2011;2185
017-803-00045;2008;10988
017-1402-00188;2014;10988
004-323-00178;2017;10988
004-332-00197;2019;10988
004-276-00015;2007;10960
004-276-00014;2007;10960
004-254-00175;2003;2185
004-318-00237;2016;10988
004-254-00168;2003;2185
017-2302-00024;2023;10988
004-254-00155;2003;10960
017-1302-00014;2013;10988
017-1102-00003;2011;2185
017-904-00031;2009;10988
004-254-00153;2003;10960
017-702-00035;2007;2184
004-323-00173;2017;10988
004-332-00201;2019;10988
017-1602-00017;2016;10988
004-323-00169;2017;10988
017-803-00047;2008;10988
017-702-00034;2007;2184
004-276-00013;2007;10960
017-032-17006;2003;10960
017-1203-00009;2012;10961
004-308-00235;2014;10988
004-135-39320;1983;2129
017-803-00041;2008;10988
004-340-00046;2021;2129
017-1402-00014;2014;10961
017-1802-00004;2018;10988
004-135-39240;1983;2157
004-254-00152;2003;10960
035-2401-00029;2024;2544
017-1901-00023;2019;10961
004-308-00238;2014;10988
017-1203-00141;2012;10988
004-323-00179;2017;10988
035-2401-00030;2024;2627
017-904-00126;2009;10961
017-1802-00119;2018;10988
004-265-00140;2005;2129
004-295-00086;2011;2101
004-318-00238;2016;10988
017-032-17001;2003;2157
017-1002-00025;2010;10988
004-295-00091;2011;2101
017-1203-00149;2012;10988
004-135-39358;1983;2101
004-276-00011;2007;10960
017-1203-00138;2012;11016
004-135-39353;1983;2129
017-1503-00166;2015;11016
017-1802-00118;2018;10988
017-1203-00010;2012;10961
017-803-00013;2008;10961
017-1002-00147;2010;10988
004-318-00240;2016;10988
017-904-00032;2009;10988
004-318-00249;2016;10988
017-1002-00148;2010;10988
017-052-00021;2005;2156
017-1203-00155;2012;10988
004-254-00005;2003;2185
017-1402-00189;2014;10988
017-702-00027;2007;2156
004-313-00215;2015;10988
017-1302-00132;2013;10988
017-2101-00016;2021;10961
004-313-00220;2015;10988
004-135-39317;1983;2129
017-2401-00034;2024;10988
004-265-00008;2005;2185
017-1203-00140;2012;10962
004-265-00138;2005;2129
004-313-00209;2015;10961
017-1503-00167;2015;11016
004-265-00090;2005;2101
004-313-00217;2015;10988
017-904-00038;2009;11016
004-135-39214;1983;10961
004-276-00010;2007;10960
004-135-39239;1983;2157
017-2101-00017;2021;10961
004-246-00002;2001;2185
004-295-00132;2011;2156
017-1802-00120;2018;10988
004-276-00008;2007;10960
017-1302-00013;2013;10988
017-1002-00024;2010;10988
017-1901-00021;2019;10961
017-2401-00044;2024;10988
004-318-00248;2016;10988
017-1503-00010;2015;10961
004-250-00161;2002;2129
017-2302-00021;2023;10988
004-135-39257;1983;2185
017-032-17002;2003;2157
017-1802-00001;2018;10961
017-1302-00148;2013;10961
004-313-00218;2015;10988
004-313-00210;2015;10961
017-1002-00023;2010;10988
017-1503-00168;2015;11016
004-318-00270;2016;10988
017-904-00040;2009;10988
004-254-00118;2003;2101
004-313-00207;2015;10961
004-250-00153;2002;2129
004-295-00087;2011;2101
017-702-00031;2007;2156
004-276-00009;2007;2185
004-340-00089;2021;2129
017-904-00039;2009;10962
017-904-00127;2009;10961
004-276-00007;2007;2185
004-135-39213;1983;10961
017-1802-00125;2018;10988
004-299-00228;2012;10988
017-904-00027;2009;10988
017-1503-00177;2015;10988
017-1402-00186;2014;10988
004-299-00230;2012;10988
004-328-00120;2018;10988
004-328-00119;2018;10961
017-2302-00026;2023;10988
004-295-00131;2011;2156
017-1302-00012;2013;10988
017-904-00036;2009;10962
017-1602-00016;2016;10961
017-1002-00146;2010;10988
017-1901-00022;2019;10961
004-295-00123;2011;2129
017-2302-00023;2023;10988
017-032-17007;2003;2185
017-1402-00011;2014;10961
004-318-00239;2016;10988
004-313-00208;2015;10961
017-1503-00169;2015;10962
004-246-00003;2001;2185
017-1802-00126;2018;10988
017-1103-00010;2011;10988
017-803-00044;2008;10988
004-313-00216;2015;10988
004-135-39256;1983;2185
004-250-00016;2002;2185
004-276-00186;2007;2129
017-1203-00007;2012;10961
017-2401-00018;2024;10961
004-254-00170;2003;2157
004-313-00212;2015;10988
017-1302-00134;2013;10962
017-2302-00031;2023;10988
017-904-00026;2009;10961
004-135-39212;1983;10961
017-1102-00005;2011;2185
017-1402-00185;2014;10988
017-1302-00147;2013;10961
004-295-00124;2011;2129
017-1103-00135;2011;10961
017-1503-00176;2015;10988
017-1503-00183;2015;10988
004-323-00190;2017;10962
004-265-00006;2005;2185
017-1302-00010;2013;10988
017-1203-00008;2012;10961
004-323-00170;2017;10988
004-135-39357;1983;2101
017-702-00029;2007;2156
017-032-17004;2003;2157
004-135-39351;1983;2129
017-2101-00015;2021;10961
004-295-00129;2011;2129
004-250-00160;2002;2129
017-1503-00180;2015;10988
004-276-00182;2007;2129
017-032-17003;2003;2157
004-332-00203;2019;10988
004-299-00227;2012;10988
017-1503-00182;2015;10988
004-250-00017;2002;2185
004-348-00035;2023;10961
004-340-00047;2021;2101
017-032-17005;2003;2157
017-1302-00011;2013;10988
017-1802-00127;2018;10962
004-295-00128;2011;2129
004-323-00181;2017;10988
017-904-00025;2009;10961
017-1402-00177;2014;10988
004-295-00089;2011;2129
017-2101-00018;2021;10961
017-2302-00032;2023;10961
017-1102-00002;2011;2185
017-052-00022;2005;2156
004-250-00159;2002;2129
017-1103-00008;2011;10961
017-2401-00019;2024;10961
004-135-39318;1983;2129
017-803-00043;2008;10988
004-254-00157;2003;2185
017-1102-00007;2011;2157
004-340-00091;2021;2129
004-265-00161;2005;2129
004-332-00200;2019;10988
004-295-00088;2011;2129
017-1602-00013;2016;10961
017-1302-00146;2013;10961
017-1103-00141;2011;10961
017-1503-00184;2015;10988
004-254-00164;2003;2185
004-276-00209;2007;2156
017-1402-00012;2014;10961
004-323-00172;2017;10988
004-246-00005;2001;2185
017-1503-00175;2015;10988
004-318-00232;2016;10961
004-323-00164;2017;10961
017-1402-00009;2014;10961
017-1302-00140;2013;10988
017-1002-00142;2010;10962
004-254-00163;2003;2185
004-313-00242;2015;10961
004-323-00171;2017;10988
004-340-00048;2021;2129
004-340-00050;2021;2129
004-348-00034;2023;10961
017-1503-00170;2015;10962
017-1103-00009;2011;10988
017-2401-00014;2024;10961
017-052-00024;2005;2129
017-2302-00027;2023;10988
004-135-39258;1983;2185
017-1901-00026;2019;10961
017-2101-00019;2021;10961
017-1302-00143;2013;10961
017-1503-00185;2015;10988
017-2201-00014;2022;10961
017-1002-00145;2010;10988
017-904-00022;2009;10988
017-1901-00027;2019;10961
004-340-00090;2021;2129
017-052-00014;2005;2157
017-1602-00015;2016;10961
017-702-00028;2007;2129
017-1802-00122;2018;10988
017-2401-00021;2024;10988
017-2401-00036;2024;10988
004-328-00121;2018;10988
017-2401-00042;2024;10988
004-318-00246;2016;10988
004-135-39356;1983;2129
017-1203-00157;2012;10961
004-135-39237;1983;2185
004-340-00049;2021;2129
017-1203-00154;2012;10988
004-135-39238;1983;2157
004-318-00243;2016;10988
017-2302-00022;2023;10988
004-254-00162;2003;2185
017-904-00024;2009;10988
017-1402-00007;2014;10961
017-1103-00142;2011;10961
017-1402-00178;2014;10988
017-904-00023;2009;10988
017-1402-00008;2014;10961
004-348-00036;2023;10961
017-1102-00008;2011;2157
004-276-00183;2007;2129
004-318-00242;2016;10988
004-318-00267;2016;10962
004-295-00126;2011;2129
017-1203-00006;2012;10961
004-295-00127;2011;2129
017-1503-00187;2015;10961
004-328-00125;2018;10961
017-803-00048;2008;10988
017-2401-00035;2024;10988
004-323-00189;2017;10962
017-1002-00022;2010;10961
017-2401-00015;2024;10961
004-328-00122;2018;10961
004-265-00003;2005;2185
017-1002-00144;2010;10988
017-052-00013;2005;2185
017-1503-00186;2015;10988
004-308-00236;2014;10988
004-318-00245;2016;10988
004-265-00135;2005;2129
017-1103-00143;2011;10961
017-1402-00182;2014;10988
004-265-00134;2005;2129
017-904-00018;2009;10961
017-1302-00149;2013;10961
017-1302-00145;2013;10961
017-2201-00013;2022;10961
017-2401-00020;2024;10988
017-1203-00153;2012;10988
017-803-00011;2008;10961
004-318-00230;2016;10961
017-1802-00124;2018;10988
017-803-00042;2008;10988
017-052-00025;2005;2129
017-1102-00011;2011;2185
017-1302-00139;2013;10988
004-340-00001;2021;2185
004-265-00137;2005;2129
017-904-00037;2009;10962
017-904-00128;2009;10961
004-135-39319;1983;2129
017-1901-00020;2019;10961
017-1203-00152;2012;10988
017-1002-00143;2010;10988
017-1002-00021;2010;10961
017-2101-00014;2021;10961
017-1402-00191;2014;10961
017-1302-00144;2013;10961
017-1402-00183;2014;10988
004-276-00184;2007;2129
004-323-00163;2017;10961
017-1802-00123;2018;10988
017-1103-00134;2011;10961
004-318-00268;2016;10962
004-332-00199;2019;10988
017-1102-00010;2011;2185
017-1302-00150;2013;10961
017-904-00035;2009;10962
017-2101-00021;2021;10961
017-1102-00009;2011;2157
017-1602-00012;2016;10961
004-308-00237;2014;10962
004-313-00204;2015;10961
004-348-00033;2023;10961
004-299-00216;2012;10961
017-1002-00020;2010;10961
017-052-00023;2005;2129
017-1402-00006;2014;10961
004-250-00003;2002;2185
017-052-00026;2005;2129
017-1103-00007;2011;10961
017-032-17008;2003;2157
017-904-00033;2009;10988
004-348-00037;2023;10961
017-1102-00001;2011;2185
004-254-00161;2003;2185
017-1002-00019;2010;10961
017-1503-00178;2015;10962
017-1203-00150;2012;10962
017-2401-00038;2024;10988
017-1602-00014;2016;10961
017-803-00049;2008;10961
017-1103-00006;2011;10961
017-052-00012;2005;2157
017-1002-00014;2010;10961
004-276-00004;2007;2185
017-1402-00193;2014;10961
017-1203-00151;2012;10962
017-2401-00041;2024;10962
017-052-00011;2005;2157
017-2401-00039;2024;10988
017-1901-00028;2019;10961
017-1503-00179;2015;10988
004-276-00003;2007;2185
017-1702-00006;2017;10961
004-328-00126;2018;10961
017-904-00129;2009;10961
004-328-00123;2018;2186
004-135-39245;1983;2157
004-135-39246;1983;2157
004-135-39243;1983;2157
004-135-39244;1983;2157
004-328-00124;2018;10961
017-052-00010;2005;2157
017-803-00010;2008;10961
004-348-00038;2023;10961
004-254-00158;2003;2185
004-254-00160;2003;2185
017-1503-00173;2015;10962
017-904-00034;2009;10962
004-135-39259;1983;2185
004-323-00160;2017;10961
004-313-00243;2015;10961
017-052-00005;2005;2157
017-904-00021;2009;10961
017-1302-00151;2013;10961
017-803-00012;2008;10961
017-052-00006;2005;2185
004-135-39247;1983;2157
004-135-39248;1983;2157
004-299-00210;2012;10961
017-1901-00019;2019;10961
017-904-00019;2009;10961
017-1203-00004;2012;10961
017-2401-00017;2024;2186
017-1103-00133;2011;10961
017-2201-00012;2022;10961
004-265-00004;2005;2185
017-1302-00137;2013;10962
017-1901-00029;2019;10961
017-2101-00013;2021;10961
017-1302-00152;2013;10961
004-265-00005;2005;2185
004-323-00162;2017;2186
004-299-00209;2012;10961
017-1203-00159;2012;10961
017-1602-00011;2016;10961
004-323-00155;2017;10961
017-1203-00158;2012;2186
004-328-00128;2018;10961
004-348-00032;2023;10961
004-313-00205;2015;10961
004-254-00159;2003;2185
017-2101-00022;2021;10961
017-904-00131;2009;10961
017-052-00003;2005;2157
017-1402-00194;2014;10961
017-1002-00013;2010;10961
017-2101-00026;2021;2185
004-135-39253;1983;2157
004-135-39254;1983;2157
017-1402-00181;2014;10962
023-011- 2306;2001;2185
017-1702-00005;2017;10961
017-032-17009;2003;2185
017-1402-00195;2014;10961
017-2201-00016;2022;10961
017-2401-00016;2024;2186
017-052-00004;2005;2157
017-1103-00132;2011;10961
017-2401-00007;2024;10961
017-1602-00008;2016;10961
017-1102-00012;2011;2185
017-904-00017;2009;10961
004-135-39217;1983;10961
017-2101-00027;2021;2185
004-135-39249;1983;2185
004-135-39250;1983;2185
017-1102-00014;2011;2185
017-904-00130;2009;10961
004-328-00129;2018;10961
017-032-17013;2003;2157
017-904-00020;2009;10961
004-299-00211;2012;10961
017-1102-00013;2011;2185
017-1602-00010;2016;10961
017-803-00050;2008;2186
004-348-00031;2023;10961
017-1103-00131;2011;10961
004-348-00039;2023;10961
017-2101-00023;2021;10961
004-323-00161;2017;2186
017-1402-00005;2014;10961
004-135-39218;1983;10961
004-318-00233;2016;10961
017-2401-00006;2024;10961
017-904-00132;2009;10961
017-1203-00003;2012;10961
004-323-00158;2017;10961
004-135-39251;1983;2157
004-135-39252;1983;2157
023-011- 2305;2001;2185
017-2401-00008;2024;10961
017-2201-00015;2022;10961
004-135-39219;1983;10961
017-2201-00011;2022;2186
023-011- 2307;2001;2185
017-2101-00012;2021;10961
017-1203-00160;2012;10961
004-328-00130;2018;2186
017-1602-00009;2016;10961
077-1102-00004;2011;2185
023-011- 2303;2001;2185
004-250-00002;2002;2185
017-2401-00012;2024;10961
017-803-00051;2008;10961
017-2101-00024;2021;2185
004-135-39206;1983;2185
017-1103-00130;2011;10961
023-011- 2308;2001;2185
017-032-17010;2003;2185
004-287-00394;2009;10961
077-1102-00005;2011;2185
017-1503-00190;2015;10961
017-1402-00196;2014;2186
004-250-00001;2002;2185
023-011- 2304;2001;2185
017-1602-00007;2016;10961
017-2201-00017;2022;10961
017-1503-00013;2015;10961
004-254-00173;2003;2185
004-328-00133;2018;10961
017-052-00002;2005;2185
017-2401-00005;2024;10961
017-1203-00002;2012;10961
017-1002-00012;2010;10961
004-254-00172;2003;2185
017-1002-00015;2010;10961
017-032-17018;2003;2157
017-1002-00011;2010;10961
017-1002-00017;2010;10961
023-011- 2302;2001;2185
017-1901-00017;2019;10961
017-1002-00016;2010;10961
017-1901-00012;2019;10961
004-135-39221;1983;2186
017-803-00009;2008;10961
077-1102-00006;2011;2185
017-1503-00007;2015;10961
017-1103-00005;2011;10961
017-1102-00016;2011;2185
017-2101-00002;2021;2185
017-2201-00018;2022;10961
017-032-17017;2003;2157
017-032-17016;2003;2157
004-308-00231;2014;2186
004-287-00392;2009;10961
017-2201-00019;2022;2158
004-328-00137;2018;2158
017-904-00133;2009;2158
077-1102-00003;2011;2185
017-1203-00161;2012;10961
017-032-17011;2003;2185
017-2101-00028;2021;2185
004-135-39220;1983;2186
017-1602-00006;2016;10961
017-803-00054;2008;10961
017-1103-00004;2011;10961
017-1103-00001;2011;2158
017-1002-00010;2010;10961
017-1102-00018;2011;2157
017-1503-00012;2015;2186
004-135-39229;1983;10961
017-1002-00009;2010;2158
004-299-00212;2012;10961
004-135-39207;1983;2158
017-1901-00013;2019;10961
017-904-00013;2009;10961
004-135-39208;1983;2158
017-1102-00019;2011;2157
004-348-00040;2023;10961
017-2101-00025;2021;2185
017-2201-00010;2022;10961
004-299-00204;2012;2158
017-1002-00018;2010;2186
004-135-39236;1983;2158
017-803-00008;2008;2158
017-1503-00004;2015;2158
017-2101-00006;2021;2158
017-2101-00007;2021;2158
017-1302-00003;2013;2158
004-318-00228;2016;2186
004-135-39235;1983;2158
017-1602-00004;2016;2158
077-1201-00006;2012;2158
004-135-39230;1983;2158
017-904-00010;2009;2158
023-011- 2301;2001;2185
017-2101-00004;2021;2185
004-135-39232;1983;2158
017-2101-00001;2021;2185
017-2401-00003;2024;2158
023-011- 2312;2001;2185
004-299-00203;2012;2158
017-032-17012;2003;2185
077-1102-00001;2011;2185
017-1901-00016;2019;10961
004-287-00391;2009;10961
077-1201-00008;2012;2158
017-1203-00162;2012;10961
017-803-00052;2008;10961
017-2101-00003;2021;2185
004-287-00382;2009;2158
017-904-00016;2009;2186
004-135-39234;1983;2158
017-052-00001;2005;2157
017-1602-00005;2016;2158
017-2101-00011;2021;2186
004-287-00390;2009;2158
017-2101-00005;2021;2185
017-2101-00010;2021;10961
004-348-00029;2023;2158
004-276-00187;2007;2185
004-318-00227;2016;10961
017-803-00007;2008;2158
017-1102-00020;2011;2157
017-1901-00014;2019;10961
017-1102-00017;2011;2185
004-135-39231;1983;2158
004-135-39233;1983;2158
004-299-00205;2012;2158
017-1503-00191;2015;10961
017-1402-00003;2014;2158
023-011- 2309;2001;2185
004-135-39201;1983;2185
017-1103-00003;2011;2186
004-276-00188;2007;2185
017-032-17015;2003;2157
004-323-00150;2017;2158
004-135-39200;1983;2185
004-135-39224;1983;10961
017-032-17014;2003;2157
017-1302-00002;2013;2158
017-1001-00016;2010;2158
004-318-00226;2016;10961
017-1302-00001;2013;2158
017-2101-00009;2021;2158
017-2201-00005;2022;2158
017-1001-00013;2010;2158
004-135-39202;1983;2185
017-1302-00007;2013;2158
017-2201-00008;2022;2158
017-803-00004;2008;2158
017-2401-00009;2024;2158
004-135-39205;1983;2158
017-1901-00015;2019;10961
017-1302-00004;2013;2158
017-1103-00002;2011;10961
017-2101-00008;2021;2158
017-1503-00197;2015;2158
004-287-00388;2009;2158
004-135-39223;1983;2186
004-135-39204;1983;2158
017-1402-00201;2014;2158
017-1001-00014;2010;2158
017-1503-00192;2015;2158
017-1001-00017;2010;2158
017-803-00005;2008;2158
017-2201-00009;2022;2158
017-2201-00006;2022;2158
004-127-36826;1982;2158
017-904-00014;2009;2158
004-135-39203;1983;2158
004-323-00151;2017;2158
004-323-00153;2017;2158
017-2201-00007;2022;2158
004-287-00383;2009;2158
004-348-00042;2023;2158
004-287-00387;2009;2158
004-318-00225;2016;2158
004-323-00152;2017;2158
017-1503-00196;2015;2158
017-2401-00010;2024;2158
017-1001-00015;2010;2158
004-287-00384;2009;2158
004-287-00385;2009;2158
017-1402-00199;2014;2158
004-135-39227;1983;2158
017-1302-00006;2013;2158
017-2401-00011;2024;2158
017-803-00053;2008;2158
017-1503-00194;2015;2158
004-328-00135;2018;2158
017-904-00012;2009;2158
017-2401-00004;2024;2158
077-1102-00002;2011;2158
017-904-00011;2009;2158
017-1402-00200;2014;2158
004-135-39228;1983;2158
017-904-00015;2009;2158
004-135-39225;1983;2158
017-1302-00005;2013;2158
004-135-39226;1983;2158
